Round,Date,Team 1,FT,HT,Team 2
?,(Fri) 4 Aug 2017 (W31),AS Monaco (1),3-2,1-1,Toulouse FC (1)
?,(Sat) 5 Aug 2017 (W31),Olympique Lyonnais (1),4-0,1-0,RC Strasbourg (1)
?,(Sat) 5 Aug 2017 (W31),FC Metz (1),1-3,1-1,EA Guingamp (1)
?,(Sat) 5 Aug 2017 (W31),Montpellier HSC (1),1-0,0-0,Stade Malherbe Caen (1)
?,(Sat) 5 Aug 2017 (W31),Paris Saint-Germain (1),2-0,1-0,Amiens SC (1)
?,(Sat) 5 Aug 2017 (W31),AS Saint-Étienne (1),1-0,1-0,OGC Nice (1)
?,(Sat) 5 Aug 2017 (W31),ES Troyes AC (1),1-1,0-0,Stade Rennais FC (1)
?,(Sun) 6 Aug 2017 (W31),Angers SCO (1),2-2,1-1,Girondins de Bordeaux (1)
?,(Sun) 6 Aug 2017 (W31),Lille OSC (1),3-0,0-0,FC Nantes (1)
?,(Sun) 6 Aug 2017 (W31),Olympique de Marseille (1),3-0,0-0,Dijon FCO (1)
?,(Fri) 11 Aug 2017 (W32),OGC Nice (2),1-2,0-0,ES Troyes AC (2)
?,(Fri) 11 Aug 2017 (W32),Stade Rennais FC (2),1-2,0-0,Olympique Lyonnais (2)
?,(Sat) 12 Aug 2017 (W32),Amiens SC (2),0-2,0-1,Angers SCO (2)
?,(Sat) 12 Aug 2017 (W32),Girondins de Bordeaux (2),2-0,1-0,FC Metz (2)
?,(Sat) 12 Aug 2017 (W32),Stade Malherbe Caen (2),0-1,0-0,AS Saint-Étienne (2)
?,(Sat) 12 Aug 2017 (W32),FC Nantes (2),0-1,0-0,Olympique de Marseille (2)
?,(Sat) 12 Aug 2017 (W32),Toulouse FC (2),1-0,1-0,Montpellier HSC (2)
?,(Sun) 13 Aug 2017 (W32),Dijon FCO (2),1-4,1-3,AS Monaco (2)
?,(Sun) 13 Aug 2017 (W32),EA Guingamp (2),0-3,0-0,Paris Saint-Germain (2)
?,(Sun) 13 Aug 2017 (W32),RC Strasbourg (2),3-0,0-0,Lille OSC (2)
?,(Fri) 18 Aug 2017 (W33),FC Metz (3),0-1,0-0,AS Monaco (3)
?,(Sat) 19 Aug 2017 (W33),Olympique Lyonnais (3),3-3,2-1,Girondins de Bordeaux (3)
?,(Sat) 19 Aug 2017 (W33),Montpellier HSC (3),1-1,0-1,RC Strasbourg (3)
?,(Sat) 19 Aug 2017 (W33),OGC Nice (3),2-0,1-0,EA Guingamp (3)
?,(Sat) 19 Aug 2017 (W33),Stade Rennais FC (3),2-2,1-0,Dijon FCO (3)
?,(Sat) 19 Aug 2017 (W33),AS Saint-Étienne (3),3-0,2-0,Amiens SC (3)
?,(Sat) 19 Aug 2017 (W33),ES Troyes AC (3),0-1,0-0,FC Nantes (3)
?,(Sun) 20 Aug 2017 (W33),Lille OSC (3),0-2,0-1,Stade Malherbe Caen (3)
?,(Sun) 20 Aug 2017 (W33),Olympique de Marseille (3),1-1,1-0,Angers SCO (3)
?,(Sun) 20 Aug 2017 (W33),Paris Saint-Germain (3),6-2,2-1,Toulouse FC (3)
?,(Fri) 25 Aug 2017 (W34),Paris Saint-Germain (4),3-0,1-0,AS Saint-Étienne (4)
?,(Sat) 26 Aug 2017 (W34),Amiens SC (4),3-0,2-0,OGC Nice (4)
?,(Sat) 26 Aug 2017 (W34),Girondins de Bordeaux (4),2-1,1-0,ES Troyes AC (4)
?,(Sat) 26 Aug 2017 (W34),Stade Malherbe Caen (4),1-0,0-0,FC Metz (4)
?,(Sat) 26 Aug 2017 (W34),Dijon FCO (4),2-1,1-0,Montpellier HSC (4)
?,(Sat) 26 Aug 2017 (W34),FC Nantes (4),0-0,0-0,Olympique Lyonnais (4)
?,(Sat) 26 Aug 2017 (W34),Toulouse FC (4),3-2,1-1,Stade Rennais FC (4)
?,(Sun) 27 Aug 2017 (W34),Angers SCO (4),1-1,0-0,Lille OSC (4)
?,(Sun) 27 Aug 2017 (W34),EA Guingamp (4),2-0,0-0,RC Strasbourg (4)
?,(Sun) 27 Aug 2017 (W34),AS Monaco (4),6-1,4-0,Olympique de Marseille (4)
?,(Fri) 8 Sep 2017 (W36),Lille OSC (5),0-0,0-0,Girondins de Bordeaux (5)
?,(Fri) 8 Sep 2017 (W36),FC Metz (5),1-5,1-1,Paris Saint-Germain (5)
?,(Sat) 9 Sep 2017 (W36),Stade Malherbe Caen (5),2-1,1-1,Dijon FCO (5)
?,(Sat) 9 Sep 2017 (W36),Montpellier HSC (5),0-1,0-0,FC Nantes (5)
?,(Sat) 9 Sep 2017 (W36),OGC Nice (5),4-0,2-0,AS Monaco (5)
?,(Sat) 9 Sep 2017 (W36),RC Strasbourg (5),0-1,0-1,Amiens SC (5)
?,(Sat) 9 Sep 2017 (W36),ES Troyes AC (5),0-0,0-0,Toulouse FC (5)
?,(Sun) 10 Sep 2017 (W36),Olympique Lyonnais (5),2-1,1-0,EA Guingamp (5)
?,(Sun) 10 Sep 2017 (W36),Olympique de Marseille (5),1-3,0-2,Stade Rennais FC (5)
?,(Sun) 10 Sep 2017 (W36),AS Saint-Étienne (5),1-1,1-1,Angers SCO (5)
?,(Fri) 15 Sep 2017 (W37),Toulouse FC (6),0-1,0-0,Girondins de Bordeaux (6)
?,(Sat) 16 Sep 2017 (W37),Dijon FCO (6),0-1,0-0,AS Saint-Étienne (6)
?,(Sat) 16 Sep 2017 (W37),EA Guingamp (6),1-0,0-0,Lille OSC (6)
?,(Sat) 16 Sep 2017 (W37),AS Monaco (6),3-0,1-0,RC Strasbourg (6)
?,(Sat) 16 Sep 2017 (W37),FC Nantes (6),1-0,0-0,Stade Malherbe Caen (6)
?,(Sat) 16 Sep 2017 (W37),ES Troyes AC (6),0-1,0-1,Montpellier HSC (6)
?,(Sun) 17 Sep 2017 (W37),Amiens SC (6),0-2,0-0,Olympique de Marseille (6)
?,(Sun) 17 Sep 2017 (W37),Angers SCO (6),0-1,0-0,FC Metz (6)
?,(Sun) 17 Sep 2017 (W37),Paris Saint-Germain (6),2-0,0-0,Olympique Lyonnais (6)
?,(Sun) 17 Sep 2017 (W37),Stade Rennais FC (6),0-1,0-0,OGC Nice (6)
?,(Fri) 22 Sep 2017 (W38),Lille OSC (7),0-4,0-2,AS Monaco (7)
?,(Fri) 22 Sep 2017 (W38),OGC Nice (7),2-2,1-2,Angers SCO (7)
?,(Sat) 23 Sep 2017 (W38),Girondins de Bordeaux (7),3-1,1-0,EA Guingamp (7)
?,(Sat) 23 Sep 2017 (W38),Stade Malherbe Caen (7),1-0,0-0,Amiens SC (7)
?,(Sat) 23 Sep 2017 (W38),Olympique Lyonnais (7),3-3,1-1,Dijon FCO (7)
?,(Sat) 23 Sep 2017 (W38),FC Metz (7),0-1,0-0,ES Troyes AC (7)
?,(Sat) 23 Sep 2017 (W38),Montpellier HSC (7),0-0,0-0,Paris Saint-Germain (7)
?,(Sun) 24 Sep 2017 (W38),Olympique de Marseille (7),2-0,1-0,Toulouse FC (7)
?,(Sun) 24 Sep 2017 (W38),AS Saint-Étienne (7),2-2,1-1,Stade Rennais FC (7)
?,(Sun) 24 Sep 2017 (W38),RC Strasbourg (7),1-2,1-2,FC Nantes (7)
?,(Fri) 29 Sep 2017 (W39),AS Monaco (8),1-1,1-0,Montpellier HSC (8)
?,(Sat) 30 Sep 2017 (W39),Dijon FCO (8),1-1,0-0,RC Strasbourg (8)
?,(Sat) 30 Sep 2017 (W39),EA Guingamp (8),1-1,1-1,Toulouse FC (8)
?,(Sat) 30 Sep 2017 (W39),FC Nantes (8),1-0,1-0,FC Metz (8)
?,(Sat) 30 Sep 2017 (W39),Paris Saint-Germain (8),6-2,5-1,Girondins de Bordeaux (8)
?,(Sat) 30 Sep 2017 (W39),Stade Rennais FC (8),0-1,0-1,Stade Malherbe Caen (8)
?,(Sun) 1 Oct 2017 (W39),Angers SCO (8),3-3,1-3,Olympique Lyonnais (8)
?,(Sun) 1 Oct 2017 (W39),OGC Nice (8),2-4,2-3,Olympique de Marseille (8)
?,(Sun) 1 Oct 2017 (W39),ES Troyes AC (8),2-1,1-0,AS Saint-Étienne (8)
?,(Fri) 13 Oct 2017 (W41),Olympique Lyonnais (9),3-2,2-2,AS Monaco (9)
?,(Sat) 14 Oct 2017 (W41),Stade Malherbe Caen (9),0-2,0-0,Angers SCO (9)
?,(Sat) 14 Oct 2017 (W41),Dijon FCO (9),1-2,0-0,Paris Saint-Germain (9)
?,(Sat) 14 Oct 2017 (W41),EA Guingamp (9),2-0,0-0,Stade Rennais FC (9)
?,(Sat) 14 Oct 2017 (W41),Lille OSC (8),2-2,1-1,ES Troyes AC (9)
?,(Sat) 14 Oct 2017 (W41),AS Saint-Étienne (9),3-1,0-1,FC Metz (9)
?,(Sat) 14 Oct 2017 (W41),Toulouse FC (9),1-0,1-0,Amiens SC (8)
?,(Sun) 15 Oct 2017 (W41),Girondins de Bordeaux (9),1-1,0-1,FC Nantes (9)
?,(Sun) 15 Oct 2017 (W41),Montpellier HSC (9),2-0,0-0,OGC Nice (9)
?,(Sun) 15 Oct 2017 (W41),RC Strasbourg (9),3-3,1-1,Olympique de Marseille (9)
?,(Fri) 20 Oct 2017 (W42),AS Saint-Étienne (10),0-1,0-1,Montpellier HSC (10)
?,(Sat) 21 Oct 2017 (W42),Amiens SC (9),1-0,0-0,Girondins de Bordeaux (10)
?,(Sat) 21 Oct 2017 (W42),Angers SCO (10),0-1,0-1,Toulouse FC (10)
?,(Sat) 21 Oct 2017 (W42),FC Metz (10),1-2,1-1,Dijon FCO (10)
?,(Sat) 21 Oct 2017 (W42),AS Monaco (10),2-0,1-0,Stade Malherbe Caen (10)
?,(Sat) 21 Oct 2017 (W42),FC Nantes (10),2-1,1-0,EA Guingamp (10)
?,(Sat) 21 Oct 2017 (W42),Stade Rennais FC (10),1-0,1-0,Lille OSC (9)
?,(Sun) 22 Oct 2017 (W42),Olympique de Marseille (10),2-2,1-1,Paris Saint-Germain (10)
?,(Sun) 22 Oct 2017 (W42),OGC Nice (10),1-2,0-1,RC Strasbourg (10)
?,(Sun) 22 Oct 2017 (W42),ES Troyes AC (10),0-5,0-1,Olympique Lyonnais (10)
?,(Fri) 27 Oct 2017 (W43),Paris Saint-Germain (11),3-0,2-0,OGC Nice (11)
?,(Sat) 28 Oct 2017 (W43),Girondins de Bordeaux (11),0-2,0-0,AS Monaco (11)
?,(Sat) 28 Oct 2017 (W43),Stade Malherbe Caen (11),1-0,1-0,ES Troyes AC (11)
?,(Sat) 28 Oct 2017 (W43),Dijon FCO (11),1-0,1-0,FC Nantes (11)
?,(Sat) 28 Oct 2017 (W43),EA Guingamp (11),1-1,1-1,Amiens SC (10)
?,(Sat) 28 Oct 2017 (W43),Montpellier HSC (11),0-1,0-0,Stade Rennais FC (11)
?,(Sat) 28 Oct 2017 (W43),RC Strasbourg (11),2-2,1-0,Angers SCO (11)
?,(Sun) 29 Oct 2017 (W43),Lille OSC (10),0-1,0-1,Olympique de Marseille (11)
?,(Sun) 29 Oct 2017 (W43),Olympique Lyonnais (11),2-0,2-0,FC Metz (11)
?,(Sun) 29 Oct 2017 (W43),Toulouse FC (11),0-0,0-0,AS Saint-Étienne (11)
?,(Fri) 3 Nov 2017 (W44),Stade Rennais FC (12),1-0,1-0,Girondins de Bordeaux (12)
?,(Sat) 4 Nov 2017 (W44),Angers SCO (12),0-5,0-3,Paris Saint-Germain (12)
?,(Sat) 4 Nov 2017 (W44),AS Monaco (12),6-0,4-0,EA Guingamp (12)
?,(Sat) 4 Nov 2017 (W44),Montpellier HSC (12),1-1,0-0,Amiens SC (11)
?,(Sat) 4 Nov 2017 (W44),FC Nantes (12),2-1,1-0,Toulouse FC (12)
?,(Sat) 4 Nov 2017 (W44),ES Troyes AC (12),3-0,0-0,RC Strasbourg (12)
?,(Sun) 5 Nov 2017 (W44),Olympique de Marseille (12),5-0,1-0,Stade Malherbe Caen (12)
?,(Sun) 5 Nov 2017 (W44),FC Metz (12),0-3,0-1,Lille OSC (11)
?,(Sun) 5 Nov 2017 (W44),OGC Nice (12),1-0,1-0,Dijon FCO (12)
?,(Sun) 5 Nov 2017 (W44),AS Saint-Étienne (12),0-5,0-2,Olympique Lyonnais (12)
?,(Fri) 17 Nov 2017 (W46),Amiens SC (12),1-1,1-0,AS Monaco (13)
?,(Fri) 17 Nov 2017 (W46),Lille OSC (12),3-1,1-1,AS Saint-Étienne (13)
?,(Sat) 18 Nov 2017 (W46),Dijon FCO (13),3-1,1-1,ES Troyes AC (13)
?,(Sat) 18 Nov 2017 (W46),EA Guingamp (13),1-1,1-1,Angers SCO (13)
?,(Sat) 18 Nov 2017 (W46),Paris Saint-Germain (13),4-1,2-0,FC Nantes (13)
?,(Sat) 18 Nov 2017 (W46),RC Strasbourg (13),2-1,1-0,Stade Rennais FC (13)
?,(Sat) 18 Nov 2017 (W46),Toulouse FC (13),0-0,0-0,FC Metz (13)
?,(Sun) 19 Nov 2017 (W46),Girondins de Bordeaux (13),1-1,1-0,Olympique de Marseille (13)
?,(Sun) 19 Nov 2017 (W46),Stade Malherbe Caen (13),1-1,0-1,OGC Nice (13)
?,(Sun) 19 Nov 2017 (W46),Olympique Lyonnais (13),0-0,0-0,Montpellier HSC (13)
?,(Mon) 20 Nov 2017 (W47),Amiens SC (13),3-0,1-0,Lille OSC (13)
?,(Fri) 24 Nov 2017 (W47),AS Saint-Étienne (14),2-2,1-1,RC Strasbourg (14)
?,(Sat) 25 Nov 2017 (W47),Stade Malherbe Caen (14),1-0,1-0,Girondins de Bordeaux (14)
?,(Sat) 25 Nov 2017 (W47),Dijon FCO (14),3-1,1-0,Toulouse FC (14)
?,(Sat) 25 Nov 2017 (W47),FC Metz (14),0-2,0-1,Amiens SC (14)
?,(Sat) 25 Nov 2017 (W47),Montpellier HSC (14),3-0,3-0,Lille OSC (14)
?,(Sat) 25 Nov 2017 (W47),Stade Rennais FC (14),2-1,0-0,FC Nantes (14)
?,(Sat) 25 Nov 2017 (W47),ES Troyes AC (14),3-0,2-0,Angers SCO (14)
?,(Sun) 26 Nov 2017 (W47),Olympique de Marseille (14),1-0,1-0,EA Guingamp (14)
?,(Sun) 26 Nov 2017 (W47),AS Monaco (14),1-2,0-1,Paris Saint-Germain (14)
?,(Sun) 26 Nov 2017 (W47),OGC Nice (14),0-5,0-4,Olympique Lyonnais (14)
?,(Tue) 28 Nov 2017 (W48),Amiens SC (15),2-1,1-1,Dijon FCO (15)
?,(Tue) 28 Nov 2017 (W48),Girondins de Bordeaux (15),3-0,2-0,AS Saint-Étienne (15)
?,(Tue) 28 Nov 2017 (W48),RC Strasbourg (15),0-0,0-0,Stade Malherbe Caen (15)
?,(Wed) 29 Nov 2017 (W48),Angers SCO (15),1-2,1-0,Stade Rennais FC (15)
?,(Wed) 29 Nov 2017 (W48),EA Guingamp (15),0-0,0-0,Montpellier HSC (15)
?,(Wed) 29 Nov 2017 (W48),Olympique Lyonnais (15),1-2,1-2,Lille OSC (15)
?,(Wed) 29 Nov 2017 (W48),FC Metz (15),0-3,0-2,Olympique de Marseille (15)
?,(Wed) 29 Nov 2017 (W48),FC Nantes (15),1-0,0-0,AS Monaco (15)
?,(Wed) 29 Nov 2017 (W48),Paris Saint-Germain (15),2-0,0-0,ES Troyes AC (15)
?,(Wed) 29 Nov 2017 (W48),Toulouse FC (15),1-2,1-0,OGC Nice (15)
?,(Fri) 1 Dec 2017 (W48),Dijon FCO (16),3-2,1-2,Girondins de Bordeaux (16)
?,(Sat) 2 Dec 2017 (W48),Lille OSC (16),1-0,0-0,Toulouse FC (16)
?,(Sat) 2 Dec 2017 (W48),AS Monaco (16),1-0,1-0,Angers SCO (16)
?,(Sat) 2 Dec 2017 (W48),OGC Nice (16),3-1,1-1,FC Metz (16)
?,(Sat) 2 Dec 2017 (W48),Stade Rennais FC (16),2-0,0-0,Amiens SC (16)
?,(Sat) 2 Dec 2017 (W48),RC Strasbourg (16),2-1,1-1,Paris Saint-Germain (16)
?,(Sat) 2 Dec 2017 (W48),ES Troyes AC (16),0-1,0-1,EA Guingamp (16)
?,(Sun) 3 Dec 2017 (W48),Stade Malherbe Caen (16),1-2,0-1,Olympique Lyonnais (16)
?,(Sun) 3 Dec 2017 (W48),Montpellier HSC (16),1-1,1-1,Olympique de Marseille (16)
?,(Sun) 3 Dec 2017 (W48),AS Saint-Étienne (16),1-1,1-0,FC Nantes (16)
?,(Fri) 8 Dec 2017 (W49),Girondins de Bordeaux (17),0-3,0-2,RC Strasbourg (17)
?,(Sat) 9 Dec 2017 (W49),Angers SCO (17),1-1,0-0,Montpellier HSC (17)
?,(Sat) 9 Dec 2017 (W49),EA Guingamp (17),4-0,2-0,Dijon FCO (17)
?,(Sat) 9 Dec 2017 (W49),FC Metz (17),1-1,1-0,Stade Rennais FC (17)
?,(Sat) 9 Dec 2017 (W49),AS Monaco (17),3-2,0-1,ES Troyes AC (17)
?,(Sat) 9 Dec 2017 (W49),Paris Saint-Germain (17),3-1,1-0,Lille OSC (17)
?,(Sat) 9 Dec 2017 (W49),Toulouse FC (17),2-0,0-0,Stade Malherbe Caen (17)
?,(Sun) 10 Dec 2017 (W49),Amiens SC (17),1-2,1-0,Olympique Lyonnais (17)
?,(Sun) 10 Dec 2017 (W49),Olympique de Marseille (17),3-0,1-0,AS Saint-Étienne (17)
?,(Sun) 10 Dec 2017 (W49),FC Nantes (17),1-2,1-1,OGC Nice (17)
?,(Fri) 15 Dec 2017 (W50),AS Saint-Étienne (18),0-4,0-2,AS Monaco (18)
?,(Sat) 16 Dec 2017 (W50),Stade Malherbe Caen (18),0-0,0-0,EA Guingamp (18)
?,(Sat) 16 Dec 2017 (W50),Dijon FCO (18),3-0,3-0,Lille OSC (18)
?,(Sat) 16 Dec 2017 (W50),Montpellier HSC (18),1-3,1-1,FC Metz (18)
?,(Sat) 16 Dec 2017 (W50),Stade Rennais FC (18),1-4,0-2,Paris Saint-Germain (18)
?,(Sat) 16 Dec 2017 (W50),RC Strasbourg (18),2-1,1-1,Toulouse FC (18)
?,(Sat) 16 Dec 2017 (W50),ES Troyes AC (18),1-0,0-0,Amiens SC (18)
?,(Sun) 17 Dec 2017 (W50),Olympique Lyonnais (18),2-0,1-0,Olympique de Marseille (18)
?,(Sun) 17 Dec 2017 (W50),FC Nantes (18),1-0,1-0,Angers SCO (18)
?,(Sun) 17 Dec 2017 (W50),OGC Nice (18),1-0,1-0,Girondins de Bordeaux (18)
?,(Wed) 20 Dec 2017 (W51),Amiens SC (19),0-1,0-0,FC Nantes (19)
?,(Wed) 20 Dec 2017 (W51),Angers SCO (19),2-1,1-1,Dijon FCO (19)
?,(Wed) 20 Dec 2017 (W51),Girondins de Bordeaux (19),0-2,0-0,Montpellier HSC (19)
?,(Wed) 20 Dec 2017 (W51),EA Guingamp (19),2-1,0-0,AS Saint-Étienne (19)
?,(Wed) 20 Dec 2017 (W51),Lille OSC (19),1-1,0-1,OGC Nice (19)
?,(Wed) 20 Dec 2017 (W51),Olympique de Marseille (19),3-1,1-1,ES Troyes AC (19)
?,(Wed) 20 Dec 2017 (W51),FC Metz (19),3-0,0-0,RC Strasbourg (19)
?,(Wed) 20 Dec 2017 (W51),AS Monaco (19),2-1,1-0,Stade Rennais FC (19)
?,(Wed) 20 Dec 2017 (W51),Paris Saint-Germain (19),3-1,1-0,Stade Malherbe Caen (19)
?,(Wed) 20 Dec 2017 (W51),Toulouse FC (19),1-2,0-1,Olympique Lyonnais (19)
?,(Fri) 12 Jan 2018 (W2),RC Strasbourg (20),0-2,0-2,EA Guingamp (20)
?,(Sat) 13 Jan 2018 (W2),Stade Malherbe Caen (20),0-1,0-1,Lille OSC (20)
?,(Sat) 13 Jan 2018 (W2),Dijon FCO (20),1-1,1-0,FC Metz (20)
?,(Sat) 13 Jan 2018 (W2),Montpellier HSC (20),0-0,0-0,AS Monaco (20)
?,(Sat) 13 Jan 2018 (W2),OGC Nice (20),1-0,0-0,Amiens SC (20)
?,(Sat) 13 Jan 2018 (W2),Stade Rennais FC (20),0-3,0-2,Olympique de Marseille (20)
?,(Sat) 13 Jan 2018 (W2),ES Troyes AC (20),0-1,0-1,Girondins de Bordeaux (20)
?,(Sun) 14 Jan 2018 (W2),Olympique Lyonnais (20),1-1,0-1,Angers SCO (20)
?,(Sun) 14 Jan 2018 (W2),FC Nantes (20),0-1,0-1,Paris Saint-Germain (20)
?,(Sun) 14 Jan 2018 (W2),AS Saint-Étienne (20),2-0,1-0,Toulouse FC (20)
?,(Tue) 16 Jan 2018 (W3),Girondins de Bordeaux (21),0-2,0-0,Stade Malherbe Caen (21)
?,(Tue) 16 Jan 2018 (W3),Olympique de Marseille (21),2-0,0-0,RC Strasbourg (21)
?,(Tue) 16 Jan 2018 (W3),AS Monaco (21),2-2,1-0,OGC Nice (21)
?,(Wed) 17 Jan 2018 (W3),Amiens SC (21),1-1,0-1,Montpellier HSC (21)
?,(Wed) 17 Jan 2018 (W3),Angers SCO (21),3-1,1-0,ES Troyes AC (21)
?,(Wed) 17 Jan 2018 (W3),EA Guingamp (21),0-2,0-1,Olympique Lyonnais (21)
?,(Wed) 17 Jan 2018 (W3),Lille OSC (21),1-2,1-0,Stade Rennais FC (21)
?,(Wed) 17 Jan 2018 (W3),FC Metz (21),3-0,2-0,AS Saint-Étienne (21)
?,(Wed) 17 Jan 2018 (W3),Paris Saint-Germain (21),8-0,4-0,Dijon FCO (21)
?,(Wed) 17 Jan 2018 (W3),Toulouse FC (21),1-1,0-1,FC Nantes (21)
?,(Fri) 19 Jan 2018 (W3),Stade Malherbe Caen (22),0-2,0-0,Olympique de Marseille (22)
?,(Sat) 20 Jan 2018 (W3),Amiens SC (22),3-1,1-1,EA Guingamp (22)
?,(Sat) 20 Jan 2018 (W3),Montpellier HSC (22),2-1,1-1,Toulouse FC (22)
?,(Sat) 20 Jan 2018 (W3),FC Nantes (22),0-1,0-1,Girondins de Bordeaux (22)
?,(Sat) 20 Jan 2018 (W3),Stade Rennais FC (22),1-0,0-0,Angers SCO (22)
?,(Sat) 20 Jan 2018 (W3),RC Strasbourg (22),3-2,2-2,Dijon FCO (22)
?,(Sat) 20 Jan 2018 (W3),ES Troyes AC (22),1-0,1-0,Lille OSC (22)
?,(Sun) 21 Jan 2018 (W3),Olympique Lyonnais (22),2-1,1-1,Paris Saint-Germain (22)
?,(Sun) 21 Jan 2018 (W3),AS Monaco (22),3-1,1-0,FC Metz (22)
?,(Sun) 21 Jan 2018 (W3),OGC Nice (22),1-0,1-0,AS Saint-Étienne (22)
?,(Fri) 26 Jan 2018 (W4),Dijon FCO (23),2-1,1-1,Stade Rennais FC (23)
?,(Sat) 27 Jan 2018 (W4),Angers SCO (23),1-0,1-0,Amiens SC (23)
?,(Sat) 27 Jan 2018 (W4),EA Guingamp (23),0-3,0-0,FC Nantes (23)
?,(Sat) 27 Jan 2018 (W4),FC Metz (23),2-1,0-0,OGC Nice (23)
?,(Sat) 27 Jan 2018 (W4),Paris Saint-Germain (23),4-0,2-0,Montpellier HSC (23)
?,(Sat) 27 Jan 2018 (W4),AS Saint-Étienne (23),2-1,1-1,Stade Malherbe Caen (23)
?,(Sat) 27 Jan 2018 (W4),Toulouse FC (23),1-0,1-0,ES Troyes AC (23)
?,(Sun) 28 Jan 2018 (W4),Girondins de Bordeaux (23),3-1,3-1,Olympique Lyonnais (23)
?,(Sun) 28 Jan 2018 (W4),Lille OSC (23),2-1,0-0,RC Strasbourg (23)
?,(Sun) 28 Jan 2018 (W4),Olympique de Marseille (23),2-2,1-1,AS Monaco (23)
?,(Fri) 2 Feb 2018 (W5),Olympique de Marseille (24),6-3,3-0,FC Metz (24)
?,(Sat) 3 Feb 2018 (W5),Amiens SC (24),0-2,0-0,AS Saint-Étienne (24)
?,(Sat) 3 Feb 2018 (W5),Lille OSC (24),0-3,0-1,Paris Saint-Germain (24)
?,(Sat) 3 Feb 2018 (W5),Montpellier HSC (24),2-1,1-1,Angers SCO (24)
?,(Sat) 3 Feb 2018 (W5),OGC Nice (24),0-1,0-0,Toulouse FC (24)
?,(Sat) 3 Feb 2018 (W5),RC Strasbourg (24),0-2,0-1,Girondins de Bordeaux (24)
?,(Sun) 4 Feb 2018 (W5),Stade Malherbe Caen (24),3-2,1-1,FC Nantes (24)
?,(Sun) 4 Feb 2018 (W5),AS Monaco (24),3-2,2-2,Olympique Lyonnais (24)
?,(Sun) 4 Feb 2018 (W5),Stade Rennais FC (24),0-1,0-0,EA Guingamp (24)
?,(Fri) 9 Feb 2018 (W6),AS Saint-Étienne (25),2-2,1-2,Olympique de Marseille (25)
?,(Sat) 10 Feb 2018 (W6),Angers SCO (25),0-4,0-2,AS Monaco (25)
?,(Sat) 10 Feb 2018 (W6),Girondins de Bordeaux (25),3-2,2-0,Amiens SC (25)
?,(Sat) 10 Feb 2018 (W6),Dijon FCO (24),3-2,0-0,OGC Nice (25)
?,(Sat) 10 Feb 2018 (W6),EA Guingamp (25),0-0,0-0,Stade Malherbe Caen (25)
?,(Sat) 10 Feb 2018 (W6),FC Metz (25),0-1,0-1,Montpellier HSC (25)
?,(Sat) 10 Feb 2018 (W6),Toulouse FC (25),0-1,0-0,Paris Saint-Germain (25)
?,(Sun) 11 Feb 2018 (W6),Olympique Lyonnais (25),0-2,0-1,Stade Rennais FC (25)
?,(Sun) 11 Feb 2018 (W6),FC Nantes (25),2-2,1-0,Lille OSC (25)
?,(Sun) 11 Feb 2018 (W6),RC Strasbourg (25),2-1,0-0,ES Troyes AC (24)
?,(Fri) 16 Feb 2018 (W7),AS Monaco (26),4-0,1-0,Dijon FCO (25)
?,(Sat) 17 Feb 2018 (W7),Amiens SC (26),0-0,0-0,Toulouse FC (26)
?,(Sat) 17 Feb 2018 (W7),Angers SCO (26),0-1,0-0,AS Saint-Étienne (26)
?,(Sat) 17 Feb 2018 (W7),Stade Malherbe Caen (26),2-2,1-2,Stade Rennais FC (26)
?,(Sat) 17 Feb 2018 (W7),Montpellier HSC (26),1-1,0-1,EA Guingamp (26)
?,(Sat) 17 Feb 2018 (W7),Paris Saint-Germain (26),5-2,3-1,RC Strasbourg (26)
?,(Sat) 17 Feb 2018 (W7),ES Troyes AC (25),1-0,0-0,FC Metz (26)
?,(Sun) 18 Feb 2018 (W7),Lille OSC (26),2-2,0-2,Olympique Lyonnais (26)
?,(Sun) 18 Feb 2018 (W7),Olympique de Marseille (26),1-0,1-0,Girondins de Bordeaux (26)
?,(Sun) 18 Feb 2018 (W7),OGC Nice (26),1-1,1-1,FC Nantes (26)
?,(Tue) 20 Feb 2018 (W8),ES Troyes AC (26),0-0,0-0,Dijon FCO (26)
?,(Fri) 23 Feb 2018 (W8),RC Strasbourg (27),0-0,0-0,Montpellier HSC (27)
?,(Sat) 24 Feb 2018 (W8),Dijon FCO (27),2-0,1-0,Stade Malherbe Caen (27)
?,(Sat) 24 Feb 2018 (W8),EA Guingamp (27),2-2,1-1,FC Metz (27)
?,(Sat) 24 Feb 2018 (W8),Lille OSC (27),1-2,0-0,Angers SCO (27)
?,(Sat) 24 Feb 2018 (W8),FC Nantes (27),0-1,0-1,Amiens SC (27)
?,(Sat) 24 Feb 2018 (W8),Stade Rennais FC (27),2-0,0-0,ES Troyes AC (27)
?,(Sat) 24 Feb 2018 (W8),Toulouse FC (27),3-3,1-1,AS Monaco (27)
?,(Sun) 25 Feb 2018 (W8),Girondins de Bordeaux (27),0-0,0-0,OGC Nice (27)
?,(Sun) 25 Feb 2018 (W8),Olympique Lyonnais (27),1-1,1-0,AS Saint-Étienne (27)
?,(Sun) 25 Feb 2018 (W8),Paris Saint-Germain (27),3-0,2-0,Olympique de Marseille (27)
?,(Fri) 2 Mar 2018 (W9),AS Monaco (28),2-1,1-1,Girondins de Bordeaux (28)
?,(Fri) 2 Mar 2018 (W9),OGC Nice (28),2-1,1-0,Lille OSC (28)
?,(Sat) 3 Mar 2018 (W9),Amiens SC (28),0-2,0-1,Stade Rennais FC (28)
?,(Sat) 3 Mar 2018 (W9),Angers SCO (28),3-0,1-0,EA Guingamp (28)
?,(Sat) 3 Mar 2018 (W9),FC Metz (28),1-1,1-0,Toulouse FC (28)
?,(Sat) 3 Mar 2018 (W9),AS Saint-Étienne (28),2-2,1-1,Dijon FCO (28)
?,(Sat) 3 Mar 2018 (W9),ES Troyes AC (28),0-2,0-0,Paris Saint-Germain (28)
?,(Sun) 4 Mar 2018 (W9),Stade Malherbe Caen (28),2-0,1-0,RC Strasbourg (28)
?,(Sun) 4 Mar 2018 (W9),Olympique de Marseille (28),1-1,0-1,FC Nantes (28)
?,(Sun) 4 Mar 2018 (W9),Montpellier HSC (28),1-1,1-0,Olympique Lyonnais (28)
?,(Fri) 9 Mar 2018 (W10),RC Strasbourg (29),1-3,1-3,AS Monaco (29)
?,(Sat) 10 Mar 2018 (W10),Girondins de Bordeaux (29),0-0,0-0,Angers SCO (29)
?,(Sat) 10 Mar 2018 (W10),Dijon FCO (29),1-1,0-1,Amiens SC (29)
?,(Sat) 10 Mar 2018 (W10),Lille OSC (29),1-1,1-0,Montpellier HSC (29)
?,(Sat) 10 Mar 2018 (W10),FC Nantes (29),1-0,0-0,ES Troyes AC (29)
?,(Sat) 10 Mar 2018 (W10),Paris Saint-Germain (29),5-0,4-0,FC Metz (29)
?,(Sat) 10 Mar 2018 (W10),Stade Rennais FC (29),1-1,0-1,AS Saint-Étienne (29)
?,(Sun) 11 Mar 2018 (W10),EA Guingamp (29),2-5,1-1,OGC Nice (29)
?,(Sun) 11 Mar 2018 (W10),Olympique Lyonnais (29),1-0,0-0,Stade Malherbe Caen (29)
?,(Sun) 11 Mar 2018 (W10),Toulouse FC (29),1-2,1-1,Olympique de Marseille (29)
?,(Wed) 14 Mar 2018 (W11),Paris Saint-Germain (30),2-1,2-0,Angers SCO (30)
?,(Fri) 16 Mar 2018 (W11),AS Monaco (30),2-1,1-1,Lille OSC (30)
?,(Sat) 17 Mar 2018 (W11),Amiens SC (30),1-1,1-0,ES Troyes AC (30)
?,(Sat) 17 Mar 2018 (W11),Angers SCO (31),3-0,2-0,Stade Malherbe Caen (30)
?,(Sat) 17 Mar 2018 (W11),Girondins de Bordeaux (30),0-2,0-0,Stade Rennais FC (30)
?,(Sat) 17 Mar 2018 (W11),Montpellier HSC (30),2-2,0-1,Dijon FCO (30)
?,(Sat) 17 Mar 2018 (W11),Toulouse FC (30),2-2,0-0,RC Strasbourg (30)
?,(Sun) 18 Mar 2018 (W11),Olympique de Marseille (30),2-3,1-1,Olympique Lyonnais (30)
?,(Sun) 18 Mar 2018 (W11),FC Metz (30),1-1,1-1,FC Nantes (30)
?,(Sun) 18 Mar 2018 (W11),OGC Nice (30),1-2,1-1,Paris Saint-Germain (31)
?,(Sun) 18 Mar 2018 (W11),AS Saint-Étienne (30),2-0,1-0,EA Guingamp (30)
?,(Sat) 31 Mar 2018 (W13),Dijon FCO (31),1-3,0-1,Olympique de Marseille (31)
?,(Sun) 1 Apr 2018 (W13),Stade Malherbe Caen (31),1-3,0-2,Montpellier HSC (31)
?,(Sun) 1 Apr 2018 (W13),EA Guingamp (31),2-1,0-0,Girondins de Bordeaux (31)
?,(Sun) 1 Apr 2018 (W13),Lille OSC (31),0-1,0-0,Amiens SC (31)
?,(Sun) 1 Apr 2018 (W13),Olympique Lyonnais (31),2-0,2-0,Toulouse FC (31)
?,(Sun) 1 Apr 2018 (W13),FC Nantes (31),0-3,0-1,AS Saint-Étienne (31)
?,(Sun) 1 Apr 2018 (W13),RC Strasbourg (31),2-2,1-1,FC Metz (31)
?,(Sun) 1 Apr 2018 (W13),ES Troyes AC (31),0-2,0-1,OGC Nice (31)
?,(Wed) 4 Apr 2018 (W14),Stade Rennais FC (31),1-1,1-1,AS Monaco (31)
?,(Fri) 6 Apr 2018 (W14),AS Saint-Étienne (32),1-1,1-0,Paris Saint-Germain (32)
?,(Sat) 7 Apr 2018 (W14),Amiens SC (32),3-0,2-0,Stade Malherbe Caen (32)
?,(Sat) 7 Apr 2018 (W14),Angers SCO (32),1-1,1-0,RC Strasbourg (32)
?,(Sat) 7 Apr 2018 (W14),Girondins de Bordeaux (32),2-1,2-1,Lille OSC (32)
?,(Sat) 7 Apr 2018 (W14),EA Guingamp (32),4-0,1-0,ES Troyes AC (32)
?,(Sat) 7 Apr 2018 (W14),AS Monaco (32),2-1,2-1,FC Nantes (32)
?,(Sat) 7 Apr 2018 (W14),Toulouse FC (32),0-1,0-1,Dijon FCO (32)
?,(Sun) 8 Apr 2018 (W14),Olympique de Marseille (32),0-0,0-0,Montpellier HSC (32)
?,(Sun) 8 Apr 2018 (W14),FC Metz (32),0-5,0-2,Olympique Lyonnais (32)
?,(Sun) 8 Apr 2018 (W14),OGC Nice (32),1-1,1-1,Stade Rennais FC (32)
?,(Fri) 13 Apr 2018 (W15),Angers SCO (33),1-1,0-0,OGC Nice (33)
?,(Sat) 14 Apr 2018 (W15),Lille OSC (33),2-2,0-0,EA Guingamp (33)
?,(Sat) 14 Apr 2018 (W15),Olympique Lyonnais (33),3-0,1-0,Amiens SC (33)
?,(Sat) 14 Apr 2018 (W15),FC Nantes (33),1-1,1-0,Dijon FCO (33)
?,(Sat) 14 Apr 2018 (W15),Stade Rennais FC (33),1-2,1-0,FC Metz (33)
?,(Sat) 14 Apr 2018 (W15),RC Strasbourg (33),0-1,0-0,AS Saint-Étienne (33)
?,(Sun) 15 Apr 2018 (W15),Montpellier HSC (33),1-3,0-1,Girondins de Bordeaux (33)
?,(Sun) 15 Apr 2018 (W15),Paris Saint-Germain (33),7-1,4-1,AS Monaco (33)
?,(Sun) 15 Apr 2018 (W15),ES Troyes AC (33),2-3,1-1,Olympique de Marseille (33)
?,(Fri) 20 Apr 2018 (W16),Dijon FCO (34),2-5,1-1,Olympique Lyonnais (34)
?,(Fri) 20 Apr 2018 (W16),FC Nantes (34),1-1,1-0,Stade Rennais FC (34)
?,(Sat) 21 Apr 2018 (W16),Amiens SC (34),3-1,1-0,RC Strasbourg (34)
?,(Sat) 21 Apr 2018 (W16),EA Guingamp (34),3-1,2-0,AS Monaco (34)
?,(Sat) 21 Apr 2018 (W16),Olympique de Marseille (34),5-1,4-0,Lille OSC (34)
?,(Sat) 21 Apr 2018 (W16),FC Metz (34),1-1,0-0,Stade Malherbe Caen (33)
?,(Sat) 21 Apr 2018 (W16),Toulouse FC (33),2-0,1-0,Angers SCO (34)
?,(Sun) 22 Apr 2018 (W16),Girondins de Bordeaux (34),0-1,0-0,Paris Saint-Germain (34)
?,(Sun) 22 Apr 2018 (W16),OGC Nice (34),1-0,0-0,Montpellier HSC (34)
?,(Sun) 22 Apr 2018 (W16),AS Saint-Étienne (34),2-1,0-1,ES Troyes AC (34)
?,(Wed) 25 Apr 2018 (W17),Stade Malherbe Caen (34),0-0,0-0,Toulouse FC (34)
?,(Fri) 27 Apr 2018 (W17),Montpellier HSC (35),0-1,0-1,AS Saint-Étienne (35)
?,(Sat) 28 Apr 2018 (W17),Girondins de Bordeaux (35),3-1,1-0,Dijon FCO (35)
?,(Sat) 28 Apr 2018 (W17),Lille OSC (35),3-1,2-0,FC Metz (35)
?,(Sat) 28 Apr 2018 (W17),Olympique Lyonnais (35),2-0,1-0,FC Nantes (35)
?,(Sat) 28 Apr 2018 (W17),AS Monaco (35),0-0,0-0,Amiens SC (35)
?,(Sat) 28 Apr 2018 (W17),RC Strasbourg (35),1-1,1-0,OGC Nice (35)
?,(Sat) 28 Apr 2018 (W17),ES Troyes AC (35),3-1,2-1,Stade Malherbe Caen (35)
?,(Sun) 29 Apr 2018 (W17),Angers SCO (35),1-1,0-1,Olympique de Marseille (35)
?,(Sun) 29 Apr 2018 (W17),Paris Saint-Germain (35),2-2,0-1,EA Guingamp (35)
?,(Sun) 29 Apr 2018 (W17),Stade Rennais FC (35),2-1,1-1,Toulouse FC (35)
?,(Fri) 4 May 2018 (W18),Amiens SC (36),2-2,0-1,Paris Saint-Germain (36)
?,(Sun) 6 May 2018 (W18),Stade Malherbe Caen (36),1-2,1-1,AS Monaco (36)
?,(Sun) 6 May 2018 (W18),Dijon FCO (36),3-1,1-0,EA Guingamp (36)
?,(Sun) 6 May 2018 (W18),Olympique Lyonnais (36),3-0,2-0,ES Troyes AC (36)
?,(Sun) 6 May 2018 (W18),Olympique de Marseille (36),2-1,1-1,OGC Nice (36)
?,(Sun) 6 May 2018 (W18),FC Metz (36),1-2,1-0,Angers SCO (36)
?,(Sun) 6 May 2018 (W18),FC Nantes (36),0-2,0-0,Montpellier HSC (36)
?,(Sun) 6 May 2018 (W18),Stade Rennais FC (36),2-1,1-0,RC Strasbourg (36)
?,(Sun) 6 May 2018 (W18),AS Saint-Étienne (36),1-3,1-2,Girondins de Bordeaux (36)
?,(Sun) 6 May 2018 (W18),Toulouse FC (36),2-3,2-1,Lille OSC (36)
?,(Fri) 11 May 2018 (W19),EA Guingamp (37),3-3,1-2,Olympique de Marseille (37)
?,(Sat) 12 May 2018 (W19),Amiens SC (37),2-0,1-0,FC Metz (37)
?,(Sat) 12 May 2018 (W19),Angers SCO (37),0-2,0-0,FC Nantes (37)
?,(Sat) 12 May 2018 (W19),Girondins de Bordeaux (37),4-2,1-1,Toulouse FC (37)
?,(Sat) 12 May 2018 (W19),Lille OSC (37),2-1,2-1,Dijon FCO (37)
?,(Sat) 12 May 2018 (W19),AS Monaco (37),1-0,0-0,AS Saint-Étienne (37)
?,(Sat) 12 May 2018 (W19),Montpellier HSC (37),1-1,0-1,ES Troyes AC (37)
?,(Sat) 12 May 2018 (W19),OGC Nice (37),4-1,3-0,Stade Malherbe Caen (37)
?,(Sat) 12 May 2018 (W19),Paris Saint-Germain (37),0-2,0-0,Stade Rennais FC (37)
?,(Sat) 12 May 2018 (W19),RC Strasbourg (37),3-2,1-0,Olympique Lyonnais (37)
?,(Sat) 19 May 2018 (W20),Stade Malherbe Caen (38),0-0,0-0,Paris Saint-Germain (38)
?,(Sat) 19 May 2018 (W20),Dijon FCO (38),2-1,1-0,Angers SCO (38)
?,(Sat) 19 May 2018 (W20),Olympique Lyonnais (38),3-2,0-1,OGC Nice (38)
?,(Sat) 19 May 2018 (W20),Olympique de Marseille (38),2-1,2-1,Amiens SC (38)
?,(Sat) 19 May 2018 (W20),FC Metz (38),0-4,0-3,Girondins de Bordeaux (38)
?,(Sat) 19 May 2018 (W20),FC Nantes (38),1-0,1-0,RC Strasbourg (38)
?,(Sat) 19 May 2018 (W20),Stade Rennais FC (38),1-1,1-1,Montpellier HSC (38)
?,(Sat) 19 May 2018 (W20),AS Saint-Étienne (38),5-0,3-0,Lille OSC (38)
?,(Sat) 19 May 2018 (W20),Toulouse FC (38),2-1,0-0,EA Guingamp (38)
?,(Sat) 19 May 2018 (W20),ES Troyes AC (38),0-3,0-1,AS Monaco (38)
