Round,Date,Team 1,FT,HT,Team 2
?,(Fri) 8 Aug 2014 (31),Stade de Reims (1),2-2,2-1,Paris Saint-Germain (1)
?,(Sat) 9 Aug 2014 (31),Bastia (1),3-3,1-2,Olympique de Marseille (1)
?,(Sat) 9 Aug 2014 (31),Evian Thonon Gaillard (1),0-3,0-3,Stade Malherbe Caen (1)
?,(Sat) 9 Aug 2014 (31),EA Guingamp (1),0-2,0-1,AS Saint-Étienne (1)
?,(Sat) 9 Aug 2014 (31),Lille OSC (1),0-0,0-0,FC Metz (1)
?,(Sat) 9 Aug 2014 (31),Montpellier HSC (1),0-1,0-1,Girondins de Bordeaux (1)
?,(Sat) 9 Aug 2014 (31),FC Nantes (1),1-0,0-0,RC Lens (1)
?,(Sat) 9 Aug 2014 (31),OGC Nice (1),3-2,1-2,Toulouse FC (1)
?,(Sun) 10 Aug 2014 (31),Olympique Lyonnais (1),2-0,0-0,Stade Rennais FC (1)
?,(Sun) 10 Aug 2014 (31),AS Monaco (1),1-2,0-1,FC Lorient (1)
?,(Fri) 15 Aug 2014 (32),Stade Malherbe Caen (2),0-1,0-0,Lille OSC (2)
?,(Sat) 16 Aug 2014 (32),RC Lens (2),0-1,0-0,EA Guingamp (2)
?,(Sat) 16 Aug 2014 (32),FC Lorient (2),0-0,0-0,OGC Nice (2)
?,(Sat) 16 Aug 2014 (32),FC Metz (2),1-1,1-1,FC Nantes (2)
?,(Sat) 16 Aug 2014 (32),Paris Saint-Germain (2),2-0,1-0,Bastia (2)
?,(Sat) 16 Aug 2014 (32),Stade Rennais FC (2),6-2,3-1,Evian Thonon Gaillard (2)
?,(Sat) 16 Aug 2014 (32),Toulouse FC (2),2-1,2-0,Olympique Lyonnais (2)
?,(Sun) 17 Aug 2014 (32),Girondins de Bordeaux (2),4-1,0-1,AS Monaco (2)
?,(Sun) 17 Aug 2014 (32),Olympique de Marseille (2),0-2,0-1,Montpellier HSC (2)
?,(Sun) 17 Aug 2014 (32),AS Saint-Étienne (2),3-1,0-1,Stade de Reims (2)
?,(Fri) 22 Aug 2014 (33),Evian Thonon Gaillard (3),0-0,0-0,Paris Saint-Germain (3)
?,(Sat) 23 Aug 2014 (33),Bastia (3),1-0,1-0,Toulouse FC (3)
?,(Sat) 23 Aug 2014 (33),EA Guingamp (3),0-1,0-0,Olympique de Marseille (3)
?,(Sat) 23 Aug 2014 (33),Lille OSC (3),2-0,0-0,FC Lorient (3)
?,(Sat) 23 Aug 2014 (33),Montpellier HSC (3),2-0,1-0,FC Metz (3)
?,(Sat) 23 Aug 2014 (33),OGC Nice (3),1-3,1-1,Girondins de Bordeaux (3)
?,(Sat) 23 Aug 2014 (33),Stade de Reims (3),0-2,0-0,Stade Malherbe Caen (3)
?,(Sun) 24 Aug 2014 (33),Olympique Lyonnais (3),0-1,0-1,RC Lens (3)
?,(Sun) 24 Aug 2014 (33),FC Nantes (3),0-1,0-1,AS Monaco (3)
?,(Sun) 24 Aug 2014 (33),AS Saint-Étienne (3),0-0,0-0,Stade Rennais FC (3)
?,(Fri) 29 Aug 2014 (34),Olympique de Marseille (4),4-0,2-0,OGC Nice (4)
?,(Sat) 30 Aug 2014 (34),Stade Malherbe Caen (4),0-1,0-0,Stade Rennais FC (4)
?,(Sat) 30 Aug 2014 (34),RC Lens (4),4-2,1-1,Stade de Reims (4)
?,(Sat) 30 Aug 2014 (34),FC Lorient (4),4-0,0-0,EA Guingamp (4)
?,(Sat) 30 Aug 2014 (34),AS Monaco (4),1-1,0-1,Lille OSC (4)
?,(Sat) 30 Aug 2014 (34),FC Nantes (4),1-0,0-0,Montpellier HSC (4)
?,(Sat) 30 Aug 2014 (34),Toulouse FC (4),1-0,0-0,Evian Thonon Gaillard (4)
?,(Sun) 31 Aug 2014 (34),Girondins de Bordeaux (4),1-1,0-1,Bastia (4)
?,(Sun) 31 Aug 2014 (34),FC Metz (4),2-1,0-0,Olympique Lyonnais (4)
?,(Sun) 31 Aug 2014 (34),Paris Saint-Germain (4),5-0,2-0,AS Saint-Étienne (4)
?,(Fri) 12 Sep 2014 (36),Olympique Lyonnais (5),2-1,1-1,AS Monaco (5)
?,(Sat) 13 Sep 2014 (36),Bastia (5),1-1,0-1,RC Lens (5)
?,(Sat) 13 Sep 2014 (36),Montpellier HSC (5),1-0,1-0,FC Lorient (5)
?,(Sat) 13 Sep 2014 (36),OGC Nice (5),1-0,0-0,FC Metz (5)
?,(Sat) 13 Sep 2014 (36),Stade de Reims (5),2-0,1-0,Toulouse FC (5)
?,(Sat) 13 Sep 2014 (36),Stade Rennais FC (5),1-1,0-1,Paris Saint-Germain (5)
?,(Sat) 13 Sep 2014 (36),AS Saint-Étienne (5),1-0,0-0,Stade Malherbe Caen (5)
?,(Sun) 14 Sep 2014 (36),Evian Thonon Gaillard (5),1-3,0-2,Olympique de Marseille (5)
?,(Sun) 14 Sep 2014 (36),EA Guingamp (5),2-1,2-0,Girondins de Bordeaux (5)
?,(Sun) 14 Sep 2014 (36),Lille OSC (5),2-0,0-0,FC Nantes (5)
?,(Fri) 19 Sep 2014 (37),Girondins de Bordeaux (6),2-1,1-0,Evian Thonon Gaillard (6)
?,(Sat) 20 Sep 2014 (37),FC Lorient (6),0-1,0-0,Stade de Reims (6)
?,(Sat) 20 Sep 2014 (37),Olympique de Marseille (6),3-0,0-0,Stade Rennais FC (6)
?,(Sat) 20 Sep 2014 (37),FC Metz (6),3-1,1-1,Bastia (6)
?,(Sat) 20 Sep 2014 (37),FC Nantes (6),2-1,2-0,OGC Nice (6)
?,(Sat) 20 Sep 2014 (37),Toulouse FC (6),3-3,1-1,Stade Malherbe Caen (6)
?,(Sun) 21 Sep 2014 (37),RC Lens (6),0-1,0-0,AS Saint-Étienne (6)
?,(Sun) 21 Sep 2014 (37),Lille OSC (6),0-0,0-0,Montpellier HSC (6)
?,(Sun) 21 Sep 2014 (37),AS Monaco (6),1-0,1-0,EA Guingamp (6)
?,(Sun) 21 Sep 2014 (37),Paris Saint-Germain (6),1-1,1-0,Olympique Lyonnais (6)
?,(Tue) 23 Sep 2014 (38),Stade de Reims (7),0-5,0-2,Olympique de Marseille (7)
?,(Tue) 23 Sep 2014 (38),Stade Rennais FC (7),0-3,0-1,Toulouse FC (7)
?,(Wed) 24 Sep 2014 (38),Bastia (7),0-0,0-0,FC Nantes (7)
?,(Wed) 24 Sep 2014 (38),Stade Malherbe Caen (7),0-2,0-1,Paris Saint-Germain (7)
?,(Wed) 24 Sep 2014 (38),Evian Thonon Gaillard (7),2-1,2-0,RC Lens (7)
?,(Wed) 24 Sep 2014 (38),EA Guingamp (7),0-1,0-1,FC Metz (7)
?,(Wed) 24 Sep 2014 (38),Olympique Lyonnais (7),4-0,2-0,FC Lorient (7)
?,(Wed) 24 Sep 2014 (38),Montpellier HSC (7),0-1,0-0,AS Monaco (7)
?,(Wed) 24 Sep 2014 (38),OGC Nice (7),1-0,1-0,Lille OSC (7)
?,(Thu) 25 Sep 2014 (38),AS Saint-Étienne (7),1-1,1-1,Girondins de Bordeaux (7)
?,(Sat) 27 Sep 2014 (38),Lille OSC (8),1-0,1-0,Bastia (8)
?,(Sat) 27 Sep 2014 (38),FC Lorient (8),0-2,0-1,Evian Thonon Gaillard (8)
?,(Sat) 27 Sep 2014 (38),FC Metz (8),3-0,0-0,Stade de Reims (8)
?,(Sat) 27 Sep 2014 (38),AS Monaco (8),0-1,0-1,OGC Nice (8)
?,(Sat) 27 Sep 2014 (38),Montpellier HSC (8),2-1,0-0,EA Guingamp (8)
?,(Sat) 27 Sep 2014 (38),Toulouse FC (8),1-1,1-1,Paris Saint-Germain (8)
?,(Sun) 28 Sep 2014 (38),Girondins de Bordeaux (8),2-1,0-0,Stade Rennais FC (8)
?,(Sun) 28 Sep 2014 (38),RC Lens (8),0-0,0-0,Stade Malherbe Caen (8)
?,(Sun) 28 Sep 2014 (38),Olympique de Marseille (8),2-1,2-0,AS Saint-Étienne (8)
?,(Sun) 28 Sep 2014 (38),FC Nantes (8),1-1,0-0,Olympique Lyonnais (8)
?,(Fri) 3 Oct 2014 (39),Stade de Reims (9),1-0,1-0,Girondins de Bordeaux (9)
?,(Sat) 4 Oct 2014 (39),Bastia (9),0-2,0-0,FC Lorient (9)
?,(Sat) 4 Oct 2014 (39),Stade Malherbe Caen (9),1-2,0-0,Olympique de Marseille (9)
?,(Sat) 4 Oct 2014 (39),Evian Thonon Gaillard (9),3-0,0-0,FC Metz (9)
?,(Sat) 4 Oct 2014 (39),OGC Nice (9),1-1,0-0,Montpellier HSC (9)
?,(Sat) 4 Oct 2014 (39),Stade Rennais FC (9),2-0,0-0,RC Lens (9)
?,(Sun) 5 Oct 2014 (39),EA Guingamp (9),0-1,0-1,FC Nantes (9)
?,(Sun) 5 Oct 2014 (39),Olympique Lyonnais (9),3-0,2-0,Lille OSC (9)
?,(Sun) 5 Oct 2014 (39),Paris Saint-Germain (9),1-1,0-0,AS Monaco (9)
?,(Sun) 5 Oct 2014 (39),AS Saint-Étienne (9),0-1,0-1,Toulouse FC (9)
?,(Fri) 17 Oct 2014 (41),RC Lens (10),1-3,1-2,Paris Saint-Germain (10)
?,(Sat) 18 Oct 2014 (41),Lille OSC (10),1-2,0-1,EA Guingamp (10)
?,(Sat) 18 Oct 2014 (41),FC Lorient (10),0-1,0-0,AS Saint-Étienne (10)
?,(Sat) 18 Oct 2014 (41),FC Metz (10),0-0,0-0,Stade Rennais FC (10)
?,(Sat) 18 Oct 2014 (41),AS Monaco (10),2-0,1-0,Evian Thonon Gaillard (10)
?,(Sat) 18 Oct 2014 (41),FC Nantes (10),1-1,1-0,Stade de Reims (10)
?,(Sat) 18 Oct 2014 (41),OGC Nice (10),0-1,0-0,Bastia (10)
?,(Sun) 19 Oct 2014 (41),Girondins de Bordeaux (10),1-1,1-0,Stade Malherbe Caen (10)
?,(Sun) 19 Oct 2014 (41),Olympique Lyonnais (10),5-1,2-0,Montpellier HSC (10)
?,(Sun) 19 Oct 2014 (41),Olympique de Marseille (10),2-0,2-0,Toulouse FC (10)
?,(Fri) 24 Oct 2014 (42),Toulouse FC (11),0-2,0-2,RC Lens (11)
?,(Sat) 25 Oct 2014 (42),Bastia (11),1-3,1-1,AS Monaco (11)
?,(Sat) 25 Oct 2014 (42),Stade Malherbe Caen (11),2-1,1-1,FC Lorient (11)
?,(Sat) 25 Oct 2014 (42),Evian Thonon Gaillard (11),0-2,0-1,FC Nantes (11)
?,(Sat) 25 Oct 2014 (42),Paris Saint-Germain (11),3-0,1-0,Girondins de Bordeaux (11)
?,(Sat) 25 Oct 2014 (42),Stade de Reims (11),1-0,0-0,Montpellier HSC (11)
?,(Sun) 26 Oct 2014 (42),EA Guingamp (11),2-7,1-4,OGC Nice (11)
?,(Sun) 26 Oct 2014 (42),Olympique Lyonnais (11),1-0,0-0,Olympique de Marseille (11)
?,(Sun) 26 Oct 2014 (42),Stade Rennais FC (11),2-0,0-0,Lille OSC (11)
?,(Sun) 26 Oct 2014 (42),AS Saint-Étienne (11),1-0,0-0,FC Metz (11)
?,(Fri) 31 Oct 2014 (43),AS Monaco (12),1-1,1-0,Stade de Reims (12)
?,(Sat) 1 Nov 2014 (43),EA Guingamp (12),1-0,1-0,Bastia (12)
?,(Sat) 1 Nov 2014 (43),Lille OSC (12),1-1,1-0,AS Saint-Étienne (12)
?,(Sat) 1 Nov 2014 (43),FC Lorient (12),1-2,1-0,Paris Saint-Germain (12)
?,(Sat) 1 Nov 2014 (43),FC Metz (12),3-2,1-0,Stade Malherbe Caen (12)
?,(Sat) 1 Nov 2014 (43),Montpellier HSC (12),2-0,1-0,Evian Thonon Gaillard (12)
?,(Sat) 1 Nov 2014 (43),OGC Nice (12),1-3,0-0,Olympique Lyonnais (12)
?,(Sun) 2 Nov 2014 (43),Girondins de Bordeaux (12),2-1,0-0,Toulouse FC (12)
?,(Sun) 2 Nov 2014 (43),Olympique de Marseille (12),2-1,1-1,RC Lens (12)
?,(Sun) 2 Nov 2014 (43),FC Nantes (12),1-1,1-1,Stade Rennais FC (12)
?,(Fri) 7 Nov 2014 (44),Stade Rennais FC (13),1-0,0-0,FC Lorient (13)
?,(Sat) 8 Nov 2014 (44),Bastia (13),2-0,2-0,Montpellier HSC (13)
?,(Sat) 8 Nov 2014 (44),Stade Malherbe Caen (13),1-2,1-1,FC Nantes (13)
?,(Sat) 8 Nov 2014 (44),Evian Thonon Gaillard (13),1-0,0-0,OGC Nice (13)
?,(Sat) 8 Nov 2014 (44),RC Lens (13),1-2,0-2,Girondins de Bordeaux (13)
?,(Sat) 8 Nov 2014 (44),Toulouse FC (13),3-0,1-0,FC Metz (13)
?,(Sun) 9 Nov 2014 (44),Olympique Lyonnais (13),3-1,2-1,EA Guingamp (13)
?,(Sun) 9 Nov 2014 (44),Paris Saint-Germain (13),2-0,1-0,Olympique de Marseille (13)
?,(Sun) 9 Nov 2014 (44),Stade de Reims (13),2-0,2-0,Lille OSC (13)
?,(Sun) 9 Nov 2014 (44),AS Saint-Étienne (13),1-1,0-1,AS Monaco (13)
?,(Fri) 21 Nov 2014 (46),FC Metz (14),2-3,0-2,Paris Saint-Germain (14)
?,(Sat) 22 Nov 2014 (46),Bastia (14),0-0,0-0,Olympique Lyonnais (14)
?,(Sat) 22 Nov 2014 (46),EA Guingamp (14),0-1,0-1,Stade Rennais FC (14)
?,(Sat) 22 Nov 2014 (46),FC Lorient (14),1-0,1-0,RC Lens (14)
?,(Sat) 22 Nov 2014 (46),AS Monaco (14),2-2,1-0,Stade Malherbe Caen (14)
?,(Sat) 22 Nov 2014 (46),OGC Nice (14),0-0,0-0,Stade de Reims (14)
?,(Sun) 23 Nov 2014 (46),Olympique de Marseille (14),3-1,0-0,Girondins de Bordeaux (14)
?,(Sun) 23 Nov 2014 (46),Montpellier HSC (14),2-0,1-0,Toulouse FC (14)
?,(Sun) 23 Nov 2014 (46),FC Nantes (14),0-0,0-0,AS Saint-Étienne (14)
?,(Fri) 28 Nov 2014 (47),Olympique de Marseille (15),2-0,2-0,FC Nantes (15)
?,(Sat) 29 Nov 2014 (47),Stade Malherbe Caen (15),1-1,1-1,Montpellier HSC (15)
?,(Sat) 29 Nov 2014 (47),RC Lens (15),2-0,0-0,FC Metz (15)
?,(Sat) 29 Nov 2014 (47),Paris Saint-Germain (15),1-0,1-0,OGC Nice (15)
?,(Sat) 29 Nov 2014 (47),Stade de Reims (15),2-1,1-1,Bastia (15)
?,(Sat) 29 Nov 2014 (47),Stade Rennais FC (15),2-0,2-0,AS Monaco (15)
?,(Sat) 29 Nov 2014 (47),Toulouse FC (15),2-3,1-0,FC Lorient (15)
?,(Sun) 30 Nov 2014 (47),Girondins de Bordeaux (15),1-0,0-0,Lille OSC (14)
?,(Sun) 30 Nov 2014 (47),Evian Thonon Gaillard (14),2-0,0-0,EA Guingamp (15)
?,(Sun) 30 Nov 2014 (47),AS Saint-Étienne (15),3-0,2-0,Olympique Lyonnais (15)
?,(Tue) 2 Dec 2014 (48),FC Lorient (16),1-1,1-1,Olympique de Marseille (16)
?,(Tue) 2 Dec 2014 (48),AS Monaco (16),2-0,0-0,RC Lens (16)
?,(Tue) 2 Dec 2014 (48),FC Nantes (16),1-2,0-1,Toulouse FC (16)
?,(Wed) 3 Dec 2014 (48),Bastia (16),1-2,1-0,Evian Thonon Gaillard (15)
?,(Wed) 3 Dec 2014 (48),EA Guingamp (16),5-1,2-1,Stade Malherbe Caen (16)
?,(Wed) 3 Dec 2014 (48),Lille OSC (15),1-1,1-1,Paris Saint-Germain (16)
?,(Wed) 3 Dec 2014 (48),FC Metz (16),0-0,0-0,Girondins de Bordeaux (16)
?,(Wed) 3 Dec 2014 (48),Montpellier HSC (16),0-2,0-2,AS Saint-Étienne (16)
?,(Wed) 3 Dec 2014 (48),OGC Nice (16),1-2,0-1,Stade Rennais FC (16)
?,(Thu) 4 Dec 2014 (48),Olympique Lyonnais (16),2-1,1-1,Stade de Reims (16)
?,(Fri) 5 Dec 2014 (48),Toulouse FC (17),0-2,0-1,AS Monaco (17)
?,(Sat) 6 Dec 2014 (48),Girondins de Bordeaux (17),3-2,1-1,FC Lorient (17)
?,(Sat) 6 Dec 2014 (48),Stade Malherbe Caen (17),2-3,2-1,OGC Nice (17)
?,(Sat) 6 Dec 2014 (48),Paris Saint-Germain (17),2-1,1-1,FC Nantes (17)
?,(Sat) 6 Dec 2014 (48),Stade Rennais FC (17),0-4,0-1,Montpellier HSC (17)
?,(Sat) 6 Dec 2014 (48),AS Saint-Étienne (17),1-0,0-0,Bastia (17)
?,(Sun) 7 Dec 2014 (48),Evian Thonon Gaillard (16),2-3,1-0,Olympique Lyonnais (17)
?,(Sun) 7 Dec 2014 (48),RC Lens (17),1-1,0-0,Lille OSC (16)
?,(Sun) 7 Dec 2014 (48),Olympique de Marseille (17),3-1,1-0,FC Metz (17)
?,(Sun) 7 Dec 2014 (48),Stade de Reims (17),2-3,1-1,EA Guingamp (17)
?,(Fri) 12 Dec 2014 (49),Olympique Lyonnais (18),3-0,1-0,Stade Malherbe Caen (18)
?,(Sat) 13 Dec 2014 (49),Bastia (18),2-0,1-0,Stade Rennais FC (18)
?,(Sat) 13 Dec 2014 (49),FC Lorient (18),3-1,3-0,FC Metz (18)
?,(Sat) 13 Dec 2014 (49),Montpellier HSC (18),3-3,2-2,RC Lens (18)
?,(Sat) 13 Dec 2014 (49),FC Nantes (18),2-1,1-1,Girondins de Bordeaux (18)
?,(Sat) 13 Dec 2014 (49),Stade de Reims (18),3-2,1-0,Evian Thonon Gaillard (17)
?,(Sun) 14 Dec 2014 (49),EA Guingamp (18),1-0,1-0,Paris Saint-Germain (18)
?,(Sun) 14 Dec 2014 (49),Lille OSC (17),3-0,1-0,Toulouse FC (18)
?,(Sun) 14 Dec 2014 (49),AS Monaco (18),1-0,0-0,Olympique de Marseille (18)
?,(Sun) 14 Dec 2014 (49),OGC Nice (18),0-0,0-0,AS Saint-Étienne (18)
?,(Fri) 19 Dec 2014 (50),RC Lens (19),2-0,1-0,OGC Nice (19)
?,(Sat) 20 Dec 2014 (50),Stade Malherbe Caen (19),1-1,0-1,Bastia (19)
?,(Sat) 20 Dec 2014 (50),FC Lorient (19),1-2,0-1,FC Nantes (19)
?,(Sat) 20 Dec 2014 (50),FC Metz (19),0-1,0-0,AS Monaco (19)
?,(Sat) 20 Dec 2014 (50),Paris Saint-Germain (19),0-0,0-0,Montpellier HSC (19)
?,(Sat) 20 Dec 2014 (50),Stade Rennais FC (19),1-3,1-0,Stade de Reims (19)
?,(Sat) 20 Dec 2014 (50),Toulouse FC (19),1-1,1-1,EA Guingamp (19)
?,(Sun) 21 Dec 2014 (50),Girondins de Bordeaux (19),0-5,0-1,Olympique Lyonnais (19)
?,(Sun) 21 Dec 2014 (50),Olympique de Marseille (19),2-1,1-0,Lille OSC (18)
?,(Sun) 21 Dec 2014 (50),AS Saint-Étienne (19),3-0,2-0,Evian Thonon Gaillard (18)
?,(Wed) 7 Jan 2015 (1),Lille OSC (19),1-0,0-0,Evian Thonon Gaillard (19)
?,(Fri) 9 Jan 2015 (1),Montpellier HSC (20),2-1,1-0,Olympique de Marseille (20)
?,(Sat) 10 Jan 2015 (1),Bastia (20),4-2,2-2,Paris Saint-Germain (20)
?,(Sat) 10 Jan 2015 (1),Evian Thonon Gaillard (20),1-1,0-0,Stade Rennais FC (20)
?,(Sat) 10 Jan 2015 (1),EA Guingamp (20),2-0,1-0,RC Lens (20)
?,(Sat) 10 Jan 2015 (1),Lille OSC (20),1-0,1-0,Stade Malherbe Caen (20)
?,(Sat) 10 Jan 2015 (1),OGC Nice (20),3-1,1-1,FC Lorient (20)
?,(Sat) 10 Jan 2015 (1),Stade de Reims (20),1-2,0-1,AS Saint-Étienne (20)
?,(Sun) 11 Jan 2015 (1),Olympique Lyonnais (20),3-0,2-0,Toulouse FC (20)
?,(Sun) 11 Jan 2015 (1),AS Monaco (20),0-0,0-0,Girondins de Bordeaux (20)
?,(Sun) 11 Jan 2015 (1),FC Nantes (20),0-0,0-0,FC Metz (20)
?,(Fri) 16 Jan 2015 (2),Girondins de Bordeaux (21),1-2,1-0,OGC Nice (21)
?,(Sat) 17 Jan 2015 (2),Stade Malherbe Caen (21),4-1,3-1,Stade de Reims (21)
?,(Sat) 17 Jan 2015 (2),RC Lens (21),0-2,0-2,Olympique Lyonnais (21)
?,(Sat) 17 Jan 2015 (2),FC Lorient (21),1-0,0-0,Lille OSC (21)
?,(Sat) 17 Jan 2015 (2),FC Metz (21),2-3,2-1,Montpellier HSC (21)
?,(Sat) 17 Jan 2015 (2),AS Monaco (21),1-0,0-0,FC Nantes (21)
?,(Sat) 17 Jan 2015 (2),Toulouse FC (21),1-1,0-0,Bastia (21)
?,(Sun) 18 Jan 2015 (2),Olympique de Marseille (21),2-1,0-0,EA Guingamp (21)
?,(Sun) 18 Jan 2015 (2),Paris Saint-Germain (21),4-2,2-1,Evian Thonon Gaillard (21)
?,(Sun) 18 Jan 2015 (2),Stade Rennais FC (21),0-0,0-0,AS Saint-Étienne (21)
?,(Fri) 23 Jan 2015 (3),OGC Nice (22),2-1,0-0,Olympique de Marseille (22)
?,(Sat) 24 Jan 2015 (3),Bastia (22),0-0,0-0,Girondins de Bordeaux (22)
?,(Sat) 24 Jan 2015 (3),EA Guingamp (22),3-2,1-0,FC Lorient (22)
?,(Sat) 24 Jan 2015 (3),Lille OSC (22),0-1,0-0,AS Monaco (22)
?,(Sat) 24 Jan 2015 (3),Montpellier HSC (22),4-0,1-0,FC Nantes (22)
?,(Sun) 25 Jan 2015 (3),Evian Thonon Gaillard (22),1-0,1-0,Toulouse FC (22)
?,(Sun) 25 Jan 2015 (3),Olympique Lyonnais (22),2-0,1-0,FC Metz (22)
?,(Sun) 25 Jan 2015 (3),Stade de Reims (22),0-0,0-0,RC Lens (22)
?,(Sun) 25 Jan 2015 (3),Stade Rennais FC (22),1-4,1-1,Stade Malherbe Caen (22)
?,(Sun) 25 Jan 2015 (3),AS Saint-Étienne (22),0-1,0-0,Paris Saint-Germain (22)
?,(Fri) 30 Jan 2015 (4),Paris Saint-Germain (23),1-0,1-0,Stade Rennais FC (23)
?,(Sat) 31 Jan 2015 (4),RC Lens (23),1-1,0-0,Bastia (23)
?,(Sat) 31 Jan 2015 (4),FC Lorient (23),0-0,0-0,Montpellier HSC (23)
?,(Sat) 31 Jan 2015 (4),Olympique de Marseille (23),1-0,0-0,Evian Thonon Gaillard (23)
?,(Sat) 31 Jan 2015 (4),FC Metz (23),0-0,0-0,OGC Nice (23)
?,(Sat) 31 Jan 2015 (4),FC Nantes (23),1-1,0-1,Lille OSC (23)
?,(Sat) 31 Jan 2015 (4),Toulouse FC (23),1-0,1-0,Stade de Reims (23)
?,(Sun) 1 Feb 2015 (4),Girondins de Bordeaux (23),1-1,0-1,EA Guingamp (23)
?,(Sun) 1 Feb 2015 (4),Stade Malherbe Caen (23),1-0,1-0,AS Saint-Étienne (23)
?,(Sun) 1 Feb 2015 (4),AS Monaco (23),0-0,0-0,Olympique Lyonnais (23)
?,(Fri) 6 Feb 2015 (5),AS Saint-Étienne (24),3-3,1-0,RC Lens (24)
?,(Sat) 7 Feb 2015 (5),Bastia (24),2-0,0-0,FC Metz (24)
?,(Sat) 7 Feb 2015 (5),Stade Malherbe Caen (24),2-0,1-0,Toulouse FC (24)
?,(Sat) 7 Feb 2015 (5),Evian Thonon Gaillard (24),0-1,0-1,Girondins de Bordeaux (24)
?,(Sat) 7 Feb 2015 (5),Montpellier HSC (24),1-2,0-1,Lille OSC (24)
?,(Sat) 7 Feb 2015 (5),Stade de Reims (24),1-3,1-0,FC Lorient (24)
?,(Sat) 7 Feb 2015 (5),Stade Rennais FC (24),1-1,1-0,Olympique de Marseille (24)
?,(Sun) 8 Feb 2015 (5),EA Guingamp (24),1-0,0-0,AS Monaco (24)
?,(Sun) 8 Feb 2015 (5),Olympique Lyonnais (24),1-1,1-0,Paris Saint-Germain (24)
?,(Sun) 8 Feb 2015 (5),OGC Nice (24),0-0,0-0,FC Nantes (24)
?,(Fri) 13 Feb 2015 (6),Olympique de Marseille (25),2-2,0-1,Stade de Reims (25)
?,(Sat) 14 Feb 2015 (6),RC Lens (25),0-2,0-2,Evian Thonon Gaillard (25)
?,(Sat) 14 Feb 2015 (6),Lille OSC (25),0-0,0-0,OGC Nice (25)
?,(Sat) 14 Feb 2015 (6),FC Nantes (25),0-2,0-1,Bastia (25)
?,(Sat) 14 Feb 2015 (6),Paris Saint-Germain (25),2-2,2-0,Stade Malherbe Caen (25)
?,(Sat) 14 Feb 2015 (6),Toulouse FC (25),2-1,1-0,Stade Rennais FC (25)
?,(Sun) 15 Feb 2015 (6),Girondins de Bordeaux (25),1-0,1-0,AS Saint-Étienne (25)
?,(Sun) 15 Feb 2015 (6),FC Lorient (25),1-1,0-0,Olympique Lyonnais (25)
?,(Sun) 15 Feb 2015 (6),FC Metz (25),0-2,0-2,EA Guingamp (25)
?,(Fri) 20 Feb 2015 (7),OGC Nice (26),0-1,0-0,AS Monaco (25)
?,(Sat) 21 Feb 2015 (7),Bastia (26),2-1,2-1,Lille OSC (26)
?,(Sat) 21 Feb 2015 (7),Stade Malherbe Caen (26),4-1,3-1,RC Lens (26)
?,(Sat) 21 Feb 2015 (7),Paris Saint-Germain (26),3-1,1-0,Toulouse FC (26)
?,(Sat) 21 Feb 2015 (7),Stade Rennais FC (26),1-1,1-0,Girondins de Bordeaux (26)
?,(Sun) 22 Feb 2015 (7),EA Guingamp (26),0-2,0-1,Montpellier HSC (25)
?,(Sun) 22 Feb 2015 (7),Olympique Lyonnais (26),1-0,0-0,FC Nantes (26)
?,(Sun) 22 Feb 2015 (7),Stade de Reims (26),0-0,0-0,FC Metz (26)
?,(Sun) 22 Feb 2015 (7),AS Saint-Étienne (26),2-2,0-0,Olympique de Marseille (26)
?,(Fri) 27 Feb 2015 (8),Olympique de Marseille (27),2-3,1-0,Stade Malherbe Caen (27)
?,(Sat) 28 Feb 2015 (8),Girondins de Bordeaux (27),1-1,1-1,Stade de Reims (27)
?,(Sat) 28 Feb 2015 (8),RC Lens (27),0-1,0-1,Stade Rennais FC (27)
?,(Sat) 28 Feb 2015 (8),Lille OSC (27),2-1,0-1,Olympique Lyonnais (27)
?,(Sat) 28 Feb 2015 (8),FC Lorient (26),2-0,1-0,Bastia (27)
?,(Sat) 28 Feb 2015 (8),FC Metz (27),1-2,1-1,Evian Thonon Gaillard (26)
?,(Sat) 28 Feb 2015 (8),Toulouse FC (27),1-1,0-1,AS Saint-Étienne (27)
?,(Sun) 1 Mar 2015 (8),AS Monaco (26),0-0,0-0,Paris Saint-Germain (27)
?,(Sun) 1 Mar 2015 (8),Montpellier HSC (26),2-1,1-1,OGC Nice (27)
?,(Sun) 1 Mar 2015 (8),FC Nantes (27),1-0,0-0,EA Guingamp (27)
?,(Wed) 4 Mar 2015 (9),Evian Thonon Gaillard (27),1-0,1-0,FC Lorient (27)
?,(Fri) 6 Mar 2015 (9),Toulouse FC (28),1-6,0-4,Olympique de Marseille (28)
?,(Sat) 7 Mar 2015 (9),Bastia (28),2-1,1-1,OGC Nice (28)
?,(Sat) 7 Mar 2015 (9),Stade Malherbe Caen (28),1-2,0-0,Girondins de Bordeaux (28)
?,(Sat) 7 Mar 2015 (9),Evian Thonon Gaillard (28),1-3,0-2,AS Monaco (27)
?,(Sat) 7 Mar 2015 (9),Paris Saint-Germain (28),4-1,1-0,RC Lens (28)
?,(Sat) 7 Mar 2015 (9),Stade de Reims (28),3-1,2-0,FC Nantes (28)
?,(Sat) 7 Mar 2015 (9),Stade Rennais FC (28),1-0,1-0,FC Metz (28)
?,(Sun) 8 Mar 2015 (9),EA Guingamp (28),0-1,0-0,Lille OSC (28)
?,(Sun) 8 Mar 2015 (9),Montpellier HSC (27),1-5,1-2,Olympique Lyonnais (28)
?,(Sun) 8 Mar 2015 (9),AS Saint-Étienne (28),2-0,0-0,FC Lorient (28)
?,(Fri) 13 Mar 2015 (10),AS Monaco (28),3-0,2-0,Bastia (29)
?,(Fri) 13 Mar 2015 (10),OGC Nice (29),1-2,0-0,EA Guingamp (29)
?,(Sat) 14 Mar 2015 (10),RC Lens (29),1-0,0-0,Toulouse FC (29)
?,(Sat) 14 Mar 2015 (10),FC Lorient (29),2-1,1-1,Stade Malherbe Caen (29)
?,(Sat) 14 Mar 2015 (10),FC Metz (29),2-3,0-2,AS Saint-Étienne (29)
?,(Sat) 14 Mar 2015 (10),Montpellier HSC (28),3-1,1-0,Stade de Reims (29)
?,(Sat) 14 Mar 2015 (10),FC Nantes (29),2-1,1-0,Evian Thonon Gaillard (29)
?,(Sun) 15 Mar 2015 (10),Girondins de Bordeaux (29),3-2,1-0,Paris Saint-Germain (29)
?,(Sun) 15 Mar 2015 (10),Lille OSC (29),3-0,1-0,Stade Rennais FC (29)
?,(Sun) 15 Mar 2015 (10),Olympique de Marseille (29),0-0,0-0,Olympique Lyonnais (29)
?,(Fri) 20 Mar 2015 (11),Paris Saint-Germain (30),3-1,1-0,FC Lorient (30)
?,(Sat) 21 Mar 2015 (11),Bastia (30),0-0,0-0,EA Guingamp (30)
?,(Sat) 21 Mar 2015 (11),Stade Malherbe Caen (30),0-0,0-0,FC Metz (30)
?,(Sat) 21 Mar 2015 (11),Evian Thonon Gaillard (30),1-0,0-0,Montpellier HSC (29)
?,(Sat) 21 Mar 2015 (11),Olympique Lyonnais (30),1-2,0-1,OGC Nice (30)
?,(Sat) 21 Mar 2015 (11),Stade Rennais FC (30),0-0,0-0,FC Nantes (30)
?,(Sat) 21 Mar 2015 (11),Toulouse FC (30),2-1,1-1,Girondins de Bordeaux (30)
?,(Sun) 22 Mar 2015 (11),RC Lens (30),0-4,0-0,Olympique de Marseille (30)
?,(Sun) 22 Mar 2015 (11),Stade de Reims (30),1-3,0-2,AS Monaco (29)
?,(Sun) 22 Mar 2015 (11),AS Saint-Étienne (30),2-0,0-0,Lille OSC (30)
?,(Fri) 3 Apr 2015 (13),AS Monaco (30),1-1,0-0,AS Saint-Étienne (31)
?,(Sat) 4 Apr 2015 (13),EA Guingamp (31),1-3,0-2,Olympique Lyonnais (31)
?,(Sat) 4 Apr 2015 (13),Lille OSC (31),3-1,1-0,Stade de Reims (31)
?,(Sat) 4 Apr 2015 (13),FC Lorient (31),0-3,0-2,Stade Rennais FC (31)
?,(Sat) 4 Apr 2015 (13),FC Metz (31),3-2,2-1,Toulouse FC (31)
?,(Sat) 4 Apr 2015 (13),Montpellier HSC (30),3-1,0-1,Bastia (31)
?,(Sat) 4 Apr 2015 (13),OGC Nice (31),2-2,1-1,Evian Thonon Gaillard (31)
?,(Sun) 5 Apr 2015 (13),Girondins de Bordeaux (31),2-1,0-0,RC Lens (31)
?,(Sun) 5 Apr 2015 (13),Olympique de Marseille (31),2-3,2-1,Paris Saint-Germain (31)
?,(Sun) 5 Apr 2015 (13),FC Nantes (31),1-2,1-0,Stade Malherbe Caen (31)
?,(Tue) 7 Apr 2015 (14),AS Monaco (31),0-0,0-0,Montpellier HSC (31)
?,(Fri) 10 Apr 2015 (14),Stade Malherbe Caen (32),0-3,0-1,AS Monaco (32)
?,(Sun) 12 Apr 2015 (14),Girondins de Bordeaux (32),1-0,0-0,Olympique de Marseille (32)
?,(Sun) 12 Apr 2015 (14),Evian Thonon Gaillard (32),0-1,0-0,Lille OSC (32)
?,(Sun) 12 Apr 2015 (14),RC Lens (32),0-0,0-0,FC Lorient (32)
?,(Sun) 12 Apr 2015 (14),Stade de Reims (32),0-1,0-1,OGC Nice (32)
?,(Sun) 12 Apr 2015 (14),Stade Rennais FC (32),1-0,0-0,EA Guingamp (32)
?,(Sun) 12 Apr 2015 (14),AS Saint-Étienne (32),1-0,1-0,FC Nantes (32)
?,(Sun) 12 Apr 2015 (14),Toulouse FC (32),1-0,1-0,Montpellier HSC (32)
?,(Wed) 15 Apr 2015 (15),Olympique Lyonnais (32),2-0,0-0,Bastia (32)
?,(Fri) 17 Apr 2015 (15),FC Nantes (33),1-0,1-0,Olympique de Marseille (33)
?,(Sat) 18 Apr 2015 (15),Bastia (33),1-2,0-2,Stade de Reims (33)
?,(Sat) 18 Apr 2015 (15),EA Guingamp (33),1-1,1-0,Evian Thonon Gaillard (33)
?,(Sat) 18 Apr 2015 (15),FC Lorient (33),0-1,0-1,Toulouse FC (33)
?,(Sat) 18 Apr 2015 (15),FC Metz (32),3-1,1-0,RC Lens (33)
?,(Sat) 18 Apr 2015 (15),AS Monaco (33),1-1,1-0,Stade Rennais FC (33)
?,(Sat) 18 Apr 2015 (15),OGC Nice (33),1-3,1-1,Paris Saint-Germain (32)
?,(Sun) 19 Apr 2015 (15),Lille OSC (33),2-0,1-0,Girondins de Bordeaux (33)
?,(Sun) 19 Apr 2015 (15),Olympique Lyonnais (33),2-2,1-2,AS Saint-Étienne (33)
?,(Sun) 19 Apr 2015 (15),Montpellier HSC (33),1-0,1-0,Stade Malherbe Caen (33)
?,(Fri) 24 Apr 2015 (16),Olympique de Marseille (34),3-5,0-2,FC Lorient (34)
?,(Sat) 25 Apr 2015 (16),Girondins de Bordeaux (34),1-1,0-1,FC Metz (33)
?,(Sat) 25 Apr 2015 (16),Stade Malherbe Caen (34),0-2,0-0,EA Guingamp (34)
?,(Sat) 25 Apr 2015 (16),Evian Thonon Gaillard (34),1-2,1-0,Bastia (34)
?,(Sat) 25 Apr 2015 (16),Paris Saint-Germain (33),6-1,4-0,Lille OSC (34)
?,(Sat) 25 Apr 2015 (16),Stade Rennais FC (34),2-1,0-1,OGC Nice (34)
?,(Sat) 25 Apr 2015 (16),Toulouse FC (34),1-1,1-0,FC Nantes (34)
?,(Sun) 26 Apr 2015 (16),RC Lens (34),0-3,0-2,AS Monaco (34)
?,(Sun) 26 Apr 2015 (16),Stade de Reims (34),2-4,1-3,Olympique Lyonnais (34)
?,(Sun) 26 Apr 2015 (16),AS Saint-Étienne (34),1-0,1-0,Montpellier HSC (34)
?,(Tue) 28 Apr 2015 (17),Paris Saint-Germain (34),3-1,2-0,FC Metz (34)
?,(Fri) 1 May 2015 (17),FC Metz (35),0-2,0-1,Olympique de Marseille (35)
?,(Sat) 2 May 2015 (17),Bastia (35),1-0,0-0,AS Saint-Étienne (35)
?,(Sat) 2 May 2015 (17),EA Guingamp (35),2-0,0-0,Stade de Reims (35)
?,(Sat) 2 May 2015 (17),FC Lorient (35),0-0,0-0,Girondins de Bordeaux (35)
?,(Sat) 2 May 2015 (17),Olympique Lyonnais (35),2-0,2-0,Evian Thonon Gaillard (35)
?,(Sat) 2 May 2015 (17),Montpellier HSC (35),0-0,0-0,Stade Rennais FC (35)
?,(Sat) 2 May 2015 (17),OGC Nice (35),1-1,1-1,Stade Malherbe Caen (35)
?,(Sun) 3 May 2015 (17),Lille OSC (35),3-1,1-1,RC Lens (35)
?,(Sun) 3 May 2015 (17),AS Monaco (35),4-1,2-1,Toulouse FC (35)
?,(Sun) 3 May 2015 (17),FC Nantes (35),0-2,0-2,Paris Saint-Germain (35)
?,(Fri) 8 May 2015 (18),Paris Saint-Germain (36),6-0,2-0,EA Guingamp (36)
?,(Sat) 9 May 2015 (18),Girondins de Bordeaux (36),2-1,1-1,FC Nantes (36)
?,(Sat) 9 May 2015 (18),Stade Malherbe Caen (36),3-0,2-0,Olympique Lyonnais (36)
?,(Sat) 9 May 2015 (18),Evian Thonon Gaillard (36),2-3,1-1,Stade de Reims (36)
?,(Sat) 9 May 2015 (18),FC Metz (36),0-4,0-2,FC Lorient (36)
?,(Sat) 9 May 2015 (18),Stade Rennais FC (36),0-1,0-0,Bastia (36)
?,(Sat) 9 May 2015 (18),Toulouse FC (36),3-2,1-1,Lille OSC (36)
?,(Sun) 10 May 2015 (18),RC Lens (36),0-1,0-0,Montpellier HSC (36)
?,(Sun) 10 May 2015 (18),Olympique de Marseille (36),2-1,0-1,AS Monaco (36)
?,(Sun) 10 May 2015 (18),AS Saint-Étienne (36),5-0,2-0,OGC Nice (36)
?,(Sat) 16 May 2015 (19),Bastia (37),1-1,1-1,Stade Malherbe Caen (37)
?,(Sat) 16 May 2015 (19),Evian Thonon Gaillard (37),1-2,1-1,AS Saint-Étienne (37)
?,(Sat) 16 May 2015 (19),EA Guingamp (37),2-1,1-1,Toulouse FC (37)
?,(Sat) 16 May 2015 (19),Lille OSC (37),0-4,0-2,Olympique de Marseille (37)
?,(Sat) 16 May 2015 (19),Olympique Lyonnais (37),1-1,1-1,Girondins de Bordeaux (37)
?,(Sat) 16 May 2015 (19),AS Monaco (37),2-0,1-0,FC Metz (37)
?,(Sat) 16 May 2015 (19),Montpellier HSC (37),1-2,1-2,Paris Saint-Germain (37)
?,(Sat) 16 May 2015 (19),FC Nantes (37),1-1,1-1,FC Lorient (37)
?,(Sat) 16 May 2015 (19),OGC Nice (37),2-1,1-1,RC Lens (37)
?,(Sat) 16 May 2015 (19),Stade de Reims (37),1-0,0-0,Stade Rennais FC (37)
?,(Sat) 23 May 2015 (20),Girondins de Bordeaux (38),2-1,2-0,Montpellier HSC (38)
?,(Sat) 23 May 2015 (20),Stade Malherbe Caen (38),3-2,0-0,Evian Thonon Gaillard (38)
?,(Sat) 23 May 2015 (20),RC Lens (38),1-0,1-0,FC Nantes (38)
?,(Sat) 23 May 2015 (20),FC Lorient (38),0-1,0-1,AS Monaco (38)
?,(Sat) 23 May 2015 (20),Olympique de Marseille (38),3-0,2-0,Bastia (38)
?,(Sat) 23 May 2015 (20),FC Metz (38),1-4,0-3,Lille OSC (38)
?,(Sat) 23 May 2015 (20),Paris Saint-Germain (38),3-2,2-0,Stade de Reims (38)
?,(Sat) 23 May 2015 (20),Stade Rennais FC (38),0-1,0-0,Olympique Lyonnais (38)
?,(Sat) 23 May 2015 (20),AS Saint-Étienne (38),2-1,1-0,EA Guingamp (38)
?,(Sat) 23 May 2015 (20),Toulouse FC (38),2-3,0-2,OGC Nice (38)
