Round,Date,Team 1,Team 2,FT,HT,Day,Week
?,1998-08-07,Le Havre,Metz,0-0,0-0,Fri,31
?,1998-08-07,Lorient,Monaco,1-2,1-0,Fri,31
?,1998-08-08,Bastia,Montpellier,2-2,1-1,Sat,31
?,1998-08-08,Bordeaux,Paris SG,3-1,0-0,Sat,31
?,1998-08-08,Marseille,Nantes,2-0,0-0,Sat,31
?,1998-08-08,Nancy,Sochaux,1-1,0-0,Sat,31
?,1998-08-08,Rennes,Auxerre,1-0,1-0,Sat,31
?,1998-08-08,Strasbourg,Lyon,0-0,0-0,Sat,31
?,1998-08-08,Toulouse,Lens,3-2,1-1,Sat,31
?,1998-08-14,Lens,Lorient,1-1,1-0,Fri,32
?,1998-08-14,Lyon,Toulouse,6-1,1-0,Fri,32
?,1998-08-15,Auxerre,Nancy,3-2,2-0,Sat,32
?,1998-08-15,Le Havre,Bordeaux,2-3,0-2,Sat,32
?,1998-08-15,Metz,Marseille,0-1,0-1,Sat,32
?,1998-08-15,Monaco,Sochaux,4-1,2-1,Sat,32
?,1998-08-15,Montpellier,Rennes,3-1,2-0,Sat,32
?,1998-08-15,Nantes,Strasbourg,1-0,1-0,Sat,32
?,1998-08-15,Paris SG,Bastia,2-0,1-0,Sat,32
?,1998-08-22,Bastia,Metz,3-0,1-0,Sat,33
?,1998-08-22,Bordeaux,Auxerre,1-0,1-0,Sat,33
?,1998-08-22,Lorient,Lyon,0-1,0-0,Sat,33
?,1998-08-22,Marseille,Montpellier,5-4,0-4,Sat,33
?,1998-08-22,Nancy,Nantes,1-0,0-0,Sat,33
?,1998-08-22,Rennes,Le Havre,2-1,0-1,Sat,33
?,1998-08-22,Sochaux,Lens,0-4,0-0,Sat,33
?,1998-08-22,Strasbourg,Paris SG,0-1,0-0,Sat,33
?,1998-08-22,Toulouse,Monaco,0-0,0-0,Sat,33
?,1998-08-29,Le Havre,Marseille,0-0,0-0,Sat,34
?,1998-08-29,Lens,Nancy,2-1,1-1,Sat,34
?,1998-08-29,Lyon,Monaco,1-1,1-0,Sat,34
?,1998-08-29,Metz,Bordeaux,0-2,0-1,Sat,34
?,1998-08-29,Montpellier,Toulouse,3-0,1-0,Sat,34
?,1998-08-29,Nantes,Sochaux,2-0,1-0,Sat,34
?,1998-08-29,Paris SG,Lorient,1-2,1-0,Sat,34
?,1998-08-30,Auxerre,Bastia,1-0,1-0,Sun,34
?,1998-08-30,Rennes,Strasbourg,1-1,1-1,Sun,34
?,1998-09-11,Bastia,Le Havre,2-0,1-0,Fri,36
?,1998-09-11,Bordeaux,Montpellier,3-1,0-0,Fri,36
?,1998-09-11,Marseille,Rennes,1-1,0-0,Fri,36
?,1998-09-11,Nancy,Paris SG,0-0,0-0,Fri,36
?,1998-09-11,Sochaux,Lyon,1-2,1-1,Fri,36
?,1998-09-11,Strasbourg,Metz,0-0,0-0,Fri,36
?,1998-09-11,Toulouse,Nantes,2-3,1-1,Fri,36
?,1998-09-12,Lorient,Auxerre,1-1,1-1,Sat,36
?,1998-09-12,Monaco,Lens,2-0,0-0,Sat,36
?,1998-09-19,Auxerre,Sochaux,3-1,2-1,Sat,37
?,1998-09-19,Le Havre,Strasbourg,0-1,0-0,Sat,37
?,1998-09-19,Lyon,Lens,3-1,2-0,Sat,37
?,1998-09-19,Metz,Toulouse,0-0,0-0,Sat,37
?,1998-09-19,Montpellier,Nancy,1-1,1-1,Sat,37
?,1998-09-19,Nantes,Lorient,1-1,1-1,Sat,37
?,1998-09-19,Rennes,Bastia,2-0,2-0,Sat,37
?,1998-09-20,Marseille,Bordeaux,2-2,1-1,Sun,37
?,1998-09-20,Paris SG,Monaco,1-0,1-0,Sun,37
?,1998-09-25,Bastia,Marseille,0-2,0-1,Fri,38
?,1998-09-25,Bordeaux,Rennes,4-0,2-0,Fri,38
?,1998-09-25,Lens,Nantes,2-4,1-2,Fri,38
?,1998-09-25,Lorient,Metz,1-1,0-0,Fri,38
?,1998-09-25,Monaco,Le Havre,3-0,1-0,Fri,38
?,1998-09-25,Nancy,Lyon,0-0,0-0,Fri,38
?,1998-09-25,Sochaux,Paris SG,1-0,0-0,Fri,38
?,1998-09-25,Strasbourg,Montpellier,2-1,1-0,Fri,38
?,1998-09-25,Toulouse,Auxerre,0-0,0-0,Fri,38
?,1998-10-03,Auxerre,Strasbourg,3-1,1-1,Sat,39
?,1998-10-03,Bastia,Bordeaux,2-0,1-0,Sat,39
?,1998-10-03,Le Havre,Sochaux,3-0,2-0,Sat,39
?,1998-10-03,Marseille,Toulouse,2-0,1-0,Sat,39
?,1998-10-03,Montpellier,Lorient,5-1,3-1,Sat,39
?,1998-10-03,Nantes,Lyon,2-0,0-0,Sat,39
?,1998-10-03,Rennes,Monaco,2-1,0-0,Sat,39
?,1998-10-04,Metz,Nancy,2-3,1-1,Sun,39
?,1998-10-04,Paris SG,Lens,0-1,0-0,Sun,39
?,1998-10-17,Bordeaux,Nantes,2-0,2-0,Sat,41
?,1998-10-17,Lens,Auxerre,2-2,2-2,Sat,41
?,1998-10-17,Lorient,Le Havre,0-0,0-0,Sat,41
?,1998-10-17,Lyon,Paris SG,1-1,0-1,Sat,41
?,1998-10-17,Monaco,Montpellier,2-0,2-0,Sat,41
?,1998-10-17,Nancy,Rennes,0-1,0-1,Sat,41
?,1998-10-17,Sochaux,Metz,1-1,0-0,Sat,41
?,1998-10-17,Strasbourg,Marseille,0-2,0-1,Sat,41
?,1998-10-18,Toulouse,Bastia,2-1,1-0,Sun,41
?,1998-10-24,Auxerre,Lyon,1-0,1-0,Sat,42
?,1998-10-24,Bastia,Strasbourg,0-0,0-0,Sat,42
?,1998-10-24,Le Havre,Toulouse,0-0,0-0,Sat,42
?,1998-10-24,Marseille,Sochaux,4-0,1-0,Sat,42
?,1998-10-24,Metz,Monaco,1-0,1-0,Sat,42
?,1998-10-24,Nantes,Paris SG,0-0,0-0,Sat,42
?,1998-10-24,Rennes,Lorient,1-0,1-0,Sat,42
?,1998-10-25,Bordeaux,Nancy,2-0,1-0,Sun,42
?,1998-10-25,Montpellier,Lens,1-0,0-0,Sun,42
?,1998-10-29,Lorient,Marseille,1-3,1-0,Thu,43
?,1998-10-29,Lyon,Le Havre,0-0,0-0,Thu,43
?,1998-10-29,Monaco,Nantes,3-1,1-1,Thu,43
?,1998-10-30,Lens,Metz,2-0,1-0,Fri,43
?,1998-10-30,Nancy,Bastia,1-2,0-2,Fri,43
?,1998-10-30,Paris SG,Auxerre,2-0,1-0,Fri,43
?,1998-10-30,Strasbourg,Bordeaux,3-2,2-0,Fri,43
?,1998-10-30,Toulouse,Rennes,0-1,0-1,Fri,43
?,1998-10-31,Sochaux,Montpellier,4-0,1-0,Sat,43
?,1998-11-06,Bastia,Lorient,2-1,1-1,Fri,44
?,1998-11-06,Marseille,Monaco,1-0,0-0,Fri,44
?,1998-11-07,Auxerre,Nantes,1-1,1-1,Sat,44
?,1998-11-07,Bordeaux,Toulouse,3-1,2-0,Sat,44
?,1998-11-07,Le Havre,Lens,3-1,1-0,Sat,44
?,1998-11-07,Metz,Lyon,3-2,3-1,Sat,44
?,1998-11-07,Montpellier,Paris SG,2-1,2-0,Sat,44
?,1998-11-07,Rennes,Sochaux,4-0,2-0,Sat,44
?,1998-11-07,Strasbourg,Nancy,1-2,0-2,Sat,44
?,1998-11-10,Nancy,Marseille,2-3,0-2,Tue,45
?,1998-11-10,Nantes,Le Havre,1-1,1-1,Tue,45
?,1998-11-11,Lens,Rennes,3-1,1-1,Wed,45
?,1998-11-11,Lorient,Bordeaux,0-2,0-1,Wed,45
?,1998-11-11,Lyon,Montpellier,2-0,0-0,Wed,45
?,1998-11-11,Monaco,Auxerre,3-2,0-0,Wed,45
?,1998-11-11,Paris SG,Metz,2-2,0-1,Wed,45
?,1998-11-11,Sochaux,Bastia,2-1,2-1,Wed,45
?,1998-11-11,Toulouse,Strasbourg,0-1,0-1,Wed,45
?,1998-11-14,Bastia,Monaco,3-1,1-0,Sat,45
?,1998-11-14,Bordeaux,Sochaux,0-0,0-0,Sat,45
?,1998-11-14,Marseille,Lens,1-0,1-0,Sat,45
?,1998-11-14,Metz,Nantes,1-0,0-0,Sat,45
?,1998-11-14,Montpellier,Auxerre,3-0,1-0,Sat,45
?,1998-11-14,Rennes,Lyon,0-0,0-0,Sat,45
?,1998-11-14,Toulouse,Nancy,1-1,0-0,Sat,45
?,1998-11-15,Le Havre,Paris SG,0-4,0-3,Sun,45
?,1998-11-15,Strasbourg,Lorient,2-0,2-0,Sun,45
?,1998-11-19,Lyon,Marseille,2-1,1-0,Thu,46
?,1998-11-19,Monaco,Bordeaux,0-2,0-2,Thu,46
?,1998-11-20,Auxerre,Metz,1-0,0-0,Fri,46
?,1998-11-20,Lens,Bastia,1-0,0-0,Fri,46
?,1998-11-20,Lorient,Toulouse,1-0,1-0,Fri,46
?,1998-11-20,Nancy,Le Havre,1-0,0-0,Fri,46
?,1998-11-20,Nantes,Montpellier,1-1,1-1,Fri,46
?,1998-11-20,Paris SG,Rennes,2-1,1-0,Fri,46
?,1998-11-20,Sochaux,Strasbourg,1-1,0-0,Fri,46
?,1998-11-28,Bastia,Lyon,4-1,2-1,Sat,47
?,1998-11-28,Le Havre,Auxerre,2-1,0-1,Sat,47
?,1998-11-28,Lorient,Nancy,0-1,0-1,Sat,47
?,1998-11-28,Metz,Montpellier,3-1,1-0,Sat,47
?,1998-11-28,Rennes,Nantes,2-3,2-1,Sat,47
?,1998-11-28,Strasbourg,Monaco,1-1,1-1,Sat,47
?,1998-11-28,Toulouse,Sochaux,1-1,0-0,Sat,47
?,1998-11-29,Bordeaux,Lens,1-0,0-0,Sun,47
?,1998-11-29,Marseille,Paris SG,0-0,0-0,Sun,47
?,1998-12-03,Auxerre,Marseille,1-1,0-0,Thu,48
?,1998-12-03,Lyon,Bordeaux,2-1,0-0,Thu,48
?,1998-12-03,Monaco,Nancy,3-0,2-0,Thu,48
?,1998-12-04,Lens,Strasbourg,3-0,0-0,Fri,48
?,1998-12-04,Metz,Rennes,0-0,0-0,Fri,48
?,1998-12-04,Montpellier,Le Havre,2-0,0-0,Fri,48
?,1998-12-04,Nantes,Bastia,2-0,1-0,Fri,48
?,1998-12-04,Paris SG,Toulouse,0-0,0-0,Fri,48
?,1998-12-04,Sochaux,Lorient,0-1,0-1,Fri,48
?,1998-12-11,Rennes,Montpellier,3-2,1-1,Fri,49
?,1998-12-11,Strasbourg,Nantes,2-2,1-1,Fri,49
?,1998-12-12,Bastia,Paris SG,2-0,2-0,Sat,49
?,1998-12-12,Bordeaux,Le Havre,3-0,2-0,Sat,49
?,1998-12-12,Lorient,Lens,1-1,0-1,Sat,49
?,1998-12-12,Marseille,Metz,3-0,2-0,Sat,49
?,1998-12-12,Nancy,Auxerre,1-1,1-0,Sat,49
?,1998-12-12,Toulouse,Lyon,0-0,0-0,Sat,49
?,1998-12-15,Auxerre,Bordeaux,3-1,0-1,Tue,50
?,1998-12-15,Metz,Bastia,4-0,1-0,Tue,50
?,1998-12-16,Le Havre,Rennes,2-0,1-0,Wed,50
?,1998-12-16,Lens,Sochaux,1-1,1-1,Wed,50
?,1998-12-16,Lyon,Lorient,2-2,0-2,Wed,50
?,1998-12-16,Monaco,Toulouse,1-1,0-0,Wed,50
?,1998-12-16,Montpellier,Marseille,0-1,0-1,Wed,50
?,1998-12-16,Nantes,Nancy,2-0,1-0,Wed,50
?,1998-12-16,Paris SG,Strasbourg,0-0,0-0,Wed,50
?,1998-12-19,Bastia,Auxerre,2-0,0-0,Sat,50
?,1998-12-19,Bordeaux,Metz,6-0,1-0,Sat,50
?,1998-12-19,Lorient,Paris SG,2-0,1-0,Sat,50
?,1998-12-19,Marseille,Le Havre,2-0,1-0,Sat,50
?,1998-12-19,Monaco,Lyon,0-1,0-1,Sat,50
?,1998-12-19,Nancy,Lens,0-1,0-1,Sat,50
?,1998-12-19,Sochaux,Nantes,1-1,1-0,Sat,50
?,1998-12-19,Strasbourg,Rennes,1-1,0-1,Sat,50
?,1998-12-19,Toulouse,Montpellier,2-5,1-2,Sat,50
?,1999-01-16,Auxerre,Lorient,5-0,0-0,Sat,2
?,1999-01-16,Le Havre,Bastia,1-1,1-1,Sat,2
?,1999-01-16,Lens,Monaco,1-1,1-0,Sat,2
?,1999-01-16,Montpellier,Bordeaux,1-1,1-1,Sat,2
?,1999-01-16,Nantes,Toulouse,2-0,1-0,Sat,2
?,1999-01-16,Rennes,Marseille,1-1,1-0,Sat,2
?,1999-01-17,Metz,Strasbourg,1-0,0-0,Sun,2
?,1999-01-17,Paris SG,Nancy,1-2,0-0,Sun,2
?,1999-01-29,Bastia,Rennes,0-1,0-0,Fri,4
?,1999-01-29,Bordeaux,Marseille,4-1,4-0,Fri,4
?,1999-01-29,Monaco,Paris SG,2-1,1-1,Fri,4
?,1999-01-30,Lens,Lyon,0-3,0-2,Sat,4
?,1999-01-30,Lorient,Nantes,1-1,1-0,Sat,4
?,1999-01-30,Nancy,Montpellier,0-1,0-0,Sat,4
?,1999-01-30,Sochaux,Auxerre,1-1,1-0,Sat,4
?,1999-01-30,Strasbourg,Le Havre,0-1,0-0,Sat,4
?,1999-01-30,Toulouse,Metz,1-0,1-0,Sat,4
?,1999-02-06,Le Havre,Monaco,1-2,0-0,Sat,5
?,1999-02-06,Lyon,Nancy,2-1,0-1,Sat,5
?,1999-02-06,Marseille,Bastia,3-1,2-0,Sat,5
?,1999-02-06,Metz,Lorient,3-0,2-0,Sat,5
?,1999-02-06,Nantes,Lens,2-0,2-0,Sat,5
?,1999-02-06,Paris SG,Sochaux,2-1,1-0,Sat,5
?,1999-02-06,Rennes,Bordeaux,1-1,0-1,Sat,5
?,1999-02-07,Auxerre,Toulouse,1-2,0-1,Sun,5
?,1999-02-07,Montpellier,Strasbourg,1-1,1-0,Sun,5
?,1999-02-13,Bordeaux,Bastia,2-0,0-0,Sat,6
?,1999-02-13,Lens,Paris SG,2-1,1-0,Sat,6
?,1999-02-13,Lorient,Montpellier,1-1,0-0,Sat,6
?,1999-02-13,Lyon,Nantes,2-1,1-0,Sat,6
?,1999-02-13,Monaco,Rennes,4-2,2-2,Sat,6
?,1999-02-14,Toulouse,Marseille,1-0,0-0,Sun,6
?,1999-02-25,Marseille,Strasbourg,1-0,0-0,Thu,8
?,1999-02-25,Montpellier,Monaco,2-3,0-2,Thu,8
?,1999-02-25,Nantes,Bordeaux,0-0,0-0,Thu,8
?,1999-02-25,Paris SG,Lyon,0-1,0-0,Thu,8
?,1999-02-26,Auxerre,Lens,1-2,0-2,Fri,8
?,1999-02-26,Bastia,Toulouse,1-1,0-0,Fri,8
?,1999-02-26,Le Havre,Lorient,0-1,0-0,Fri,8
?,1999-02-26,Metz,Sochaux,1-1,1-1,Fri,8
?,1999-02-26,Rennes,Nancy,2-1,0-0,Fri,8
?,1999-03-09,Nancy,Bordeaux,2-3,0-2,Tue,10
?,1999-03-09,Sochaux,Marseille,0-0,0-0,Tue,10
?,1999-03-10,Lens,Montpellier,1-0,1-0,Wed,10
?,1999-03-10,Lorient,Rennes,1-1,0-0,Wed,10
?,1999-03-10,Lyon,Auxerre,2-1,0-0,Wed,10
?,1999-03-10,Monaco,Metz,0-0,0-0,Wed,10
?,1999-03-10,Paris SG,Nantes,0-0,0-0,Wed,10
?,1999-03-10,Strasbourg,Bastia,1-1,0-0,Wed,10
?,1999-03-10,Toulouse,Le Havre,0-0,0-0,Wed,10
?,1999-03-14,Sochaux,Monaco,1-1,0-1,Sun,10
?,1999-03-14,Strasbourg,Auxerre,2-1,2-1,Sun,10
?,1999-03-19,Bastia,Nancy,1-2,0-1,Fri,11
?,1999-03-19,Nantes,Monaco,0-1,0-0,Fri,11
?,1999-03-20,Auxerre,Paris SG,0-1,0-1,Sat,11
?,1999-03-20,Bordeaux,Strasbourg,1-0,1-0,Sat,11
?,1999-03-20,Le Havre,Lyon,1-0,1-0,Sat,11
?,1999-03-20,Marseille,Lorient,4-1,1-0,Sat,11
?,1999-03-20,Metz,Lens,0-1,0-0,Sat,11
?,1999-03-20,Montpellier,Sochaux,0-0,0-0,Sat,11
?,1999-03-20,Rennes,Toulouse,1-0,0-0,Sat,11
?,1999-04-02,Monaco,Marseille,1-2,1-1,Fri,13
?,1999-04-02,Sochaux,Rennes,0-3,0-1,Fri,13
?,1999-04-03,Lens,Le Havre,0-1,0-1,Sat,13
?,1999-04-03,Lorient,Bastia,3-1,1-1,Sat,13
?,1999-04-03,Lyon,Metz,2-0,0-0,Sat,13
?,1999-04-03,Nancy,Strasbourg,1-1,0-0,Sat,13
?,1999-04-03,Nantes,Auxerre,2-2,1-0,Sat,13
?,1999-04-03,Paris SG,Montpellier,0-1,0-0,Sat,13
?,1999-04-03,Toulouse,Bordeaux,0-3,0-1,Sat,13
?,1999-04-08,Lyon,Sochaux,4-1,1-0,Thu,14
?,1999-04-09,Nancy,Metz,1-0,1-0,Fri,14
?,1999-04-13,Bastia,Sochaux,1-1,1-0,Tue,15
?,1999-04-13,Rennes,Lens,2-0,1-0,Tue,15
?,1999-04-14,Auxerre,Monaco,0-3,0-0,Wed,15
?,1999-04-14,Bordeaux,Lorient,0-0,0-0,Wed,15
?,1999-04-14,Le Havre,Nantes,2-1,0-1,Wed,15
?,1999-04-14,Metz,Paris SG,1-1,0-1,Wed,15
?,1999-04-14,Montpellier,Lyon,1-3,0-1,Wed,15
?,1999-04-14,Strasbourg,Toulouse,2-0,0-0,Wed,15
?,1999-04-15,Marseille,Nancy,4-0,1-0,Thu,15
?,1999-04-24,Auxerre,Montpellier,2-2,2-1,Sat,16
?,1999-04-24,Lens,Marseille,4-0,1-0,Sat,16
?,1999-04-24,Lorient,Strasbourg,0-1,0-0,Sat,16
?,1999-04-24,Monaco,Bastia,1-1,0-1,Sat,16
?,1999-04-24,Nancy,Toulouse,2-0,0-0,Sat,16
?,1999-04-24,Nantes,Metz,0-0,0-0,Sat,16
?,1999-04-24,Sochaux,Bordeaux,2-0,1-0,Sat,16
?,1999-04-25,Lyon,Rennes,1-2,0-1,Sun,16
?,1999-04-25,Paris SG,Le Havre,3-0,2-0,Sun,16
?,1999-04-30,Bordeaux,Monaco,0-1,0-1,Fri,17
?,1999-04-30,Marseille,Lyon,0-0,0-0,Fri,17
?,1999-04-30,Toulouse,Lorient,1-4,1-0,Fri,17
?,1999-05-01,Bastia,Lens,1-1,0-0,Sat,17
?,1999-05-01,Le Havre,Nancy,1-1,0-1,Sat,17
?,1999-05-01,Metz,Auxerre,2-0,1-0,Sat,17
?,1999-05-01,Montpellier,Nantes,1-2,0-1,Sat,17
?,1999-05-01,Rennes,Paris SG,2-1,1-0,Sat,17
?,1999-05-01,Strasbourg,Sochaux,1-1,0-0,Sat,17
?,1999-05-04,Lens,Bordeaux,2-4,2-2,Tue,18
?,1999-05-04,Montpellier,Metz,1-1,0-1,Tue,18
?,1999-05-04,Paris SG,Marseille,2-1,0-1,Tue,18
?,1999-05-05,Auxerre,Le Havre,0-0,0-0,Wed,18
?,1999-05-05,Lyon,Bastia,2-1,1-1,Wed,18
?,1999-05-05,Monaco,Strasbourg,2-1,1-0,Wed,18
?,1999-05-05,Nancy,Lorient,2-0,1-0,Wed,18
?,1999-05-05,Nantes,Rennes,2-1,1-1,Wed,18
?,1999-05-05,Sochaux,Toulouse,2-1,0-0,Wed,18
?,1999-05-14,Sochaux,Le Havre,1-0,0-0,Fri,19
?,1999-05-22,Bastia,Nantes,1-0,0-0,Sat,20
?,1999-05-22,Bordeaux,Lyon,1-0,1-0,Sat,20
?,1999-05-22,Le Havre,Montpellier,1-1,0-0,Sat,20
?,1999-05-22,Lorient,Sochaux,4-1,2-0,Sat,20
?,1999-05-22,Marseille,Auxerre,1-0,1-0,Sat,20
?,1999-05-22,Nancy,Monaco,1-2,1-1,Sat,20
?,1999-05-22,Rennes,Metz,1-0,1-0,Sat,20
?,1999-05-22,Strasbourg,Lens,1-1,0-0,Sat,20
?,1999-05-22,Toulouse,Paris SG,2-1,1-1,Sat,20
?,1999-05-29,Auxerre,Rennes,2-0,2-0,Sat,21
?,1999-05-29,Lens,Toulouse,3-1,1-1,Sat,21
?,1999-05-29,Lyon,Strasbourg,3-2,1-1,Sat,21
?,1999-05-29,Metz,Le Havre,1-0,1-0,Sat,21
?,1999-05-29,Monaco,Lorient,1-0,1-0,Sat,21
?,1999-05-29,Montpellier,Bastia,3-0,1-0,Sat,21
?,1999-05-29,Nantes,Marseille,0-1,0-1,Sat,21
?,1999-05-29,Paris SG,Bordeaux,2-3,0-1,Sat,21
?,1999-05-29,Sochaux,Nancy,1-1,1-1,Sat,21
