Round,Date,Team 1,Team 2,FT,HT,Day,Week
?,1999-07-30,Bordeaux,Bastia,3-2,1-0,Fri,30
?,1999-07-30,Monaco,St Etienne,2-2,2-1,Fri,30
?,1999-07-31,Auxerre,Nancy,2-1,1-0,Sat,30
?,1999-07-31,Lyon,Montpellier,1-2,0-1,Sat,30
?,1999-07-31,Marseille,Sedan,3-0,2-0,Sat,30
?,1999-07-31,Metz,Rennes,0-0,0-0,Sat,30
?,1999-07-31,Nantes,Le Havre,1-0,0-0,Sat,30
?,1999-07-31,Paris SG,Troyes,1-0,0-0,Sat,30
?,1999-07-31,Strasbourg,Lens,1-0,0-0,Sat,30
?,1999-08-05,Le Havre,Marseille,0-0,0-0,Thu,31
?,1999-08-05,Troyes,Lyon,1-2,0-1,Thu,31
?,1999-08-06,Bastia,Strasbourg,3-0,1-0,Fri,31
?,1999-08-06,Lens,Monaco,1-0,0-0,Fri,31
?,1999-08-06,Sedan,Nancy,3-1,2-0,Fri,31
?,1999-08-06,St Etienne,Nantes,0-2,0-1,Fri,31
?,1999-08-07,Metz,Auxerre,3-0,2-0,Sat,31
?,1999-08-07,Montpellier,Bordeaux,2-2,2-1,Sat,31
?,1999-08-07,Rennes,Paris SG,1-3,1-1,Sat,31
?,1999-08-14,Auxerre,Sedan,3-1,2-0,Sat,32
?,1999-08-14,Bordeaux,Troyes,4-0,1-0,Sat,32
?,1999-08-14,Monaco,Bastia,4-0,1-0,Sat,32
?,1999-08-14,Nancy,Le Havre,3-0,0-0,Sat,32
?,1999-08-14,Nantes,Lens,0-1,0-0,Sat,32
?,1999-08-14,Paris SG,Metz,2-1,2-1,Sat,32
?,1999-08-14,Strasbourg,Montpellier,2-0,0-0,Sat,32
?,1999-08-15,Lyon,Rennes,2-2,1-0,Sun,32
?,1999-08-15,Marseille,St Etienne,3-3,1-1,Sun,32
?,1999-08-20,Le Havre,Sedan,2-1,1-0,Fri,33
?,1999-08-20,Metz,Lyon,0-1,0-0,Fri,33
?,1999-08-20,Montpellier,Monaco,2-3,1-0,Fri,33
?,1999-08-20,Paris SG,Auxerre,1-1,0-1,Fri,33
?,1999-08-20,Rennes,Bordeaux,2-1,1-1,Fri,33
?,1999-08-20,St Etienne,Nancy,2-1,0-1,Fri,33
?,1999-08-20,Troyes,Strasbourg,2-1,1-0,Fri,33
?,1999-08-22,Bastia,Nantes,2-1,0-1,Sun,33
?,1999-08-22,Lens,Marseille,0-0,0-0,Sun,33
?,1999-08-28,Auxerre,Le Havre,2-1,0-1,Sat,34
?,1999-08-28,Bordeaux,Metz,0-0,0-0,Sat,34
?,1999-08-28,Marseille,Bastia,1-1,0-1,Sat,34
?,1999-08-28,Nancy,Lens,2-1,1-0,Sat,34
?,1999-08-28,Nantes,Montpellier,3-0,1-0,Sat,34
?,1999-08-28,Sedan,St Etienne,3-2,1-2,Sat,34
?,1999-08-28,Strasbourg,Rennes,2-1,1-1,Sat,34
?,1999-08-29,Lyon,Paris SG,1-0,0-0,Sun,34
?,1999-08-29,Monaco,Troyes,3-0,2-0,Sun,34
?,1999-09-11,Bastia,Nancy,1-1,0-0,Sat,36
?,1999-09-11,Lens,Sedan,0-3,0-2,Sat,36
?,1999-09-11,Lyon,Auxerre,0-0,0-0,Sat,36
?,1999-09-11,Metz,Strasbourg,0-0,0-0,Sat,36
?,1999-09-11,Montpellier,Marseille,3-1,0-1,Sat,36
?,1999-09-11,St Etienne,Le Havre,3-3,2-1,Sat,36
?,1999-09-11,Troyes,Nantes,1-0,0-0,Sat,36
?,1999-09-12,Paris SG,Bordeaux,2-1,1-0,Sun,36
?,1999-09-12,Rennes,Monaco,2-1,1-1,Sun,36
?,1999-09-18,Auxerre,St Etienne,2-1,0-0,Sat,37
?,1999-09-18,Bordeaux,Lyon,1-3,0-2,Sat,37
?,1999-09-19,Le Havre,Lens,1-1,1-1,Sun,37
?,1999-09-19,Marseille,Troyes,1-0,1-0,Sun,37
?,1999-09-19,Monaco,Metz,2-2,1-0,Sun,37
?,1999-09-19,Nancy,Montpellier,1-2,0-1,Sun,37
?,1999-09-19,Nantes,Rennes,3-0,2-0,Sun,37
?,1999-09-19,Sedan,Bastia,2-0,1-0,Sun,37
?,1999-09-19,Strasbourg,Paris SG,1-1,0-0,Sun,37
?,1999-09-25,Bastia,Le Havre,1-1,1-1,Sat,38
?,1999-09-25,Bordeaux,Auxerre,1-0,1-0,Sat,38
?,1999-09-25,Lyon,Strasbourg,0-0,0-0,Sat,38
?,1999-09-25,Metz,Nantes,2-1,1-0,Sat,38
?,1999-09-25,Montpellier,Sedan,1-1,0-0,Sat,38
?,1999-09-25,Paris SG,Monaco,0-3,0-0,Sat,38
?,1999-09-25,Troyes,Nancy,2-0,0-0,Sat,38
?,1999-09-26,Lens,St Etienne,0-2,0-2,Sun,38
?,1999-09-26,Rennes,Marseille,1-2,1-1,Sun,38
?,1999-10-02,Le Havre,Montpellier,2-1,0-1,Sat,39
?,1999-10-02,Marseille,Metz,1-1,0-0,Sat,39
?,1999-10-02,Nancy,Rennes,3-0,0-0,Sat,39
?,1999-10-02,Sedan,Troyes,2-1,1-1,Sat,39
?,1999-10-02,St Etienne,Bastia,1-1,1-0,Sat,39
?,1999-10-02,Strasbourg,Bordeaux,2-2,1-1,Sat,39
?,1999-10-03,Auxerre,Lens,3-2,1-1,Sun,39
?,1999-10-03,Monaco,Lyon,1-0,1-0,Sun,39
?,1999-10-03,Nantes,Paris SG,0-4,0-2,Sun,39
?,1999-10-12,Lyon,Nantes,2-0,0-0,Tue,41
?,1999-10-12,Paris SG,Marseille,0-2,0-0,Tue,41
?,1999-10-13,Bastia,Lens,2-0,0-0,Wed,41
?,1999-10-13,Bordeaux,Monaco,3-2,2-1,Wed,41
?,1999-10-13,Metz,Nancy,2-2,1-1,Wed,41
?,1999-10-13,Montpellier,St Etienne,0-1,0-0,Wed,41
?,1999-10-13,Rennes,Sedan,5-0,2-0,Wed,41
?,1999-10-13,Strasbourg,Auxerre,1-3,1-3,Wed,41
?,1999-10-13,Troyes,Le Havre,3-1,2-0,Wed,41
?,1999-10-15,Marseille,Lyon,0-1,0-1,Fri,41
?,1999-10-16,Auxerre,Bastia,3-1,2-0,Sat,41
?,1999-10-16,Le Havre,Rennes,0-1,0-0,Sat,41
?,1999-10-16,Lens,Montpellier,1-0,0-0,Sat,41
?,1999-10-16,Monaco,Strasbourg,3-0,1-0,Sat,41
?,1999-10-16,Nancy,Paris SG,1-1,1-0,Sat,41
?,1999-10-16,Nantes,Bordeaux,0-1,0-1,Sat,41
?,1999-10-16,St Etienne,Troyes,1-0,0-0,Sat,41
?,1999-10-17,Sedan,Metz,0-2,0-1,Sun,41
?,1999-10-20,Nantes,Monaco,0-3,0-1,Wed,42
?,1999-10-20,Sedan,Lyon,2-0,1-0,Wed,42
?,1999-10-23,Bordeaux,Marseille,2-1,1-1,Sat,42
?,1999-10-23,Rennes,St Etienne,4-1,1-1,Sat,42
?,1999-10-24,Lyon,Nancy,2-1,1-1,Sun,42
?,1999-10-24,Metz,Le Havre,3-0,1-0,Sun,42
?,1999-10-24,Montpellier,Bastia,1-1,1-1,Sun,42
?,1999-10-24,Paris SG,Sedan,3-2,2-1,Sun,42
?,1999-10-24,Strasbourg,Nantes,3-2,1-1,Sun,42
?,1999-10-24,Troyes,Lens,0-1,0-0,Sun,42
?,1999-10-30,Auxerre,Montpellier,2-1,1-0,Sat,43
?,1999-10-30,Bastia,Troyes,5-0,2-0,Sat,43
?,1999-10-30,Le Havre,Paris SG,3-1,1-0,Sat,43
?,1999-10-30,Marseille,Strasbourg,4-1,2-0,Sat,43
?,1999-10-30,Nancy,Bordeaux,2-2,1-0,Sat,43
?,1999-10-30,St Etienne,Metz,2-0,1-0,Sat,43
?,1999-10-31,Lens,Rennes,1-1,0-1,Sun,43
?,1999-11-06,Bordeaux,Sedan,1-1,0-1,Sat,44
?,1999-11-06,Paris SG,St Etienne,2-0,1-0,Sat,44
?,1999-11-06,Rennes,Bastia,0-0,0-0,Sat,44
?,1999-11-06,Strasbourg,Nancy,0-2,0-0,Sat,44
?,1999-11-07,Lyon,Le Havre,3-0,1-0,Sun,44
?,1999-11-07,Metz,Lens,0-0,0-0,Sun,44
?,1999-11-07,Monaco,Marseille,1-1,1-1,Sun,44
?,1999-11-07,Nantes,Auxerre,3-1,2-1,Sun,44
?,1999-11-07,Troyes,Montpellier,2-1,1-1,Sun,44
?,1999-11-09,Sedan,Strasbourg,2-1,2-0,Tue,45
?,1999-11-10,Auxerre,Troyes,0-1,0-1,Wed,45
?,1999-11-10,Bastia,Metz,0-0,0-0,Wed,45
?,1999-11-10,Le Havre,Bordeaux,3-0,2-0,Wed,45
?,1999-11-10,Lens,Paris SG,3-2,0-1,Wed,45
?,1999-11-10,Marseille,Nantes,1-1,1-1,Wed,45
?,1999-11-10,Montpellier,Rennes,1-2,0-1,Wed,45
?,1999-11-10,Nancy,Monaco,1-2,0-0,Wed,45
?,1999-11-10,St Etienne,Lyon,1-1,1-1,Wed,45
?,1999-11-19,Bordeaux,St Etienne,1-2,1-1,Fri,46
?,1999-11-19,Metz,Montpellier,2-2,2-0,Fri,46
?,1999-11-19,Paris SG,Bastia,2-0,0-0,Fri,46
?,1999-11-19,Rennes,Troyes,2-2,1-0,Fri,46
?,1999-11-19,Strasbourg,Le Havre,0-1,0-1,Fri,46
?,1999-11-20,Lyon,Lens,1-0,0-0,Sat,46
?,1999-11-20,Marseille,Auxerre,0-1,0-0,Sat,46
?,1999-11-20,Monaco,Sedan,2-1,2-1,Sat,46
?,1999-11-20,Nantes,Nancy,2-0,0-0,Sat,46
?,1999-11-27,Le Havre,Monaco,1-4,1-1,Sat,47
?,1999-11-27,Montpellier,Paris SG,0-1,0-0,Sat,47
?,1999-11-27,Nancy,Marseille,2-2,0-0,Sat,47
?,1999-11-27,Rennes,Auxerre,1-0,1-0,Sat,47
?,1999-11-27,St Etienne,Strasbourg,0-1,0-0,Sat,47
?,1999-11-27,Troyes,Metz,2-2,1-0,Sat,47
?,1999-11-28,Bastia,Lyon,3-0,1-0,Sun,47
?,1999-11-28,Lens,Bordeaux,3-3,2-1,Sun,47
?,1999-11-28,Sedan,Nantes,0-0,0-0,Sun,47
?,1999-12-01,Monaco,Auxerre,2-0,2-0,Wed,48
?,1999-12-03,Bordeaux,Montpellier,2-0,0-0,Fri,48
?,1999-12-03,Lyon,Troyes,1-3,1-1,Fri,48
?,1999-12-03,Marseille,Le Havre,2-0,0-0,Fri,48
?,1999-12-03,Nancy,Sedan,0-2,0-0,Fri,48
?,1999-12-03,Nantes,St Etienne,0-1,0-1,Fri,48
?,1999-12-03,Strasbourg,Bastia,2-0,2-0,Fri,48
?,1999-12-04,Auxerre,Metz,1-1,0-1,Sat,48
?,1999-12-04,Monaco,Lens,2-0,2-0,Sat,48
?,1999-12-04,Paris SG,Rennes,1-0,1-0,Sat,48
?,1999-12-11,Le Havre,Nancy,0-1,0-0,Sat,49
?,1999-12-11,Montpellier,Strasbourg,1-1,0-0,Sat,49
?,1999-12-11,Rennes,Lyon,1-2,1-1,Sat,49
?,1999-12-11,Sedan,Auxerre,1-1,1-1,Sat,49
?,1999-12-11,Troyes,Bordeaux,2-0,1-0,Sat,49
?,1999-12-12,Bastia,Monaco,1-0,0-0,Sun,49
?,1999-12-12,Metz,Paris SG,1-3,0-2,Sun,49
?,1999-12-12,St Etienne,Marseille,5-1,4-0,Sun,49
?,1999-12-14,Lens,Nantes,1-2,1-1,Tue,50
?,1999-12-17,Auxerre,Paris SG,1-0,0-0,Fri,50
?,1999-12-17,Bordeaux,Rennes,1-0,0-0,Fri,50
?,1999-12-18,Lyon,Metz,2-0,0-0,Sat,50
?,1999-12-18,Marseille,Lens,1-2,1-0,Sat,50
?,1999-12-18,Monaco,Montpellier,1-0,1-0,Sat,50
?,1999-12-18,Nancy,St Etienne,1-0,0-0,Sat,50
?,1999-12-18,Nantes,Bastia,1-1,0-0,Sat,50
?,2000-01-11,Metz,Bordeaux,2-1,1-0,Tue,2
?,2000-01-11,Paris SG,Lyon,2-2,1-0,Tue,2
?,2000-01-12,Bastia,Marseille,0-0,0-0,Wed,2
?,2000-01-12,Le Havre,Auxerre,0-0,0-0,Wed,2
?,2000-01-12,Lens,Nancy,0-1,0-1,Wed,2
?,2000-01-12,Montpellier,Nantes,3-0,1-0,Wed,2
?,2000-01-12,Rennes,Strasbourg,2-1,1-0,Wed,2
?,2000-01-12,St Etienne,Sedan,2-3,0-2,Wed,2
?,2000-01-12,Troyes,Monaco,1-4,0-3,Wed,2
?,2000-01-15,Auxerre,Lyon,2-0,1-0,Sat,2
?,2000-01-15,Le Havre,St Etienne,1-0,0-0,Sat,2
?,2000-01-15,Monaco,Rennes,3-1,3-0,Sat,2
?,2000-01-15,Nancy,Bastia,1-0,1-0,Sat,2
?,2000-01-15,Nantes,Troyes,3-0,1-0,Sat,2
?,2000-01-15,Sedan,Lens,0-0,0-0,Sat,2
?,2000-01-15,Strasbourg,Metz,1-1,0-0,Sat,2
?,2000-01-16,Bordeaux,Paris SG,1-1,1-1,Sun,2
?,2000-01-16,Marseille,Montpellier,0-0,0-0,Sun,2
?,2000-01-19,Sedan,Le Havre,0-1,0-1,Wed,3
?,2000-01-19,Strasbourg,Troyes,2-0,1-0,Wed,3
?,2000-01-25,Metz,Monaco,1-1,0-0,Tue,4
?,2000-01-25,Troyes,Marseille,1-2,1-1,Tue,4
?,2000-01-26,Bastia,Sedan,1-0,0-0,Wed,4
?,2000-01-26,Lens,Le Havre,4-0,2-0,Wed,4
?,2000-01-26,Lyon,Bordeaux,1-1,1-1,Wed,4
?,2000-01-26,Montpellier,Nancy,1-0,1-0,Wed,4
?,2000-01-26,Paris SG,Strasbourg,4-2,2-0,Wed,4
?,2000-01-26,Rennes,Nantes,0-0,0-0,Wed,4
?,2000-01-26,St Etienne,Auxerre,0-0,0-0,Wed,4
?,2000-02-01,Auxerre,Bordeaux,1-0,0-0,Tue,5
?,2000-02-01,Monaco,Paris SG,1-0,0-0,Tue,5
?,2000-02-02,Le Havre,Bastia,2-2,1-1,Wed,5
?,2000-02-02,Marseille,Rennes,1-1,1-0,Wed,5
?,2000-02-02,Nancy,Troyes,1-2,1-1,Wed,5
?,2000-02-02,Nantes,Metz,1-3,1-2,Wed,5
?,2000-02-02,Sedan,Montpellier,2-1,2-0,Wed,5
?,2000-02-02,St Etienne,Lens,0-2,0-1,Wed,5
?,2000-02-02,Strasbourg,Lyon,4-2,1-0,Wed,5
?,2000-02-05,Bastia,St Etienne,4-0,1-0,Sat,5
?,2000-02-05,Bordeaux,Strasbourg,3-0,2-0,Sat,5
?,2000-02-05,Lens,Auxerre,2-1,1-0,Sat,5
?,2000-02-05,Montpellier,Le Havre,0-0,0-0,Sat,5
?,2000-02-05,Paris SG,Nantes,0-0,0-0,Sat,5
?,2000-02-05,Rennes,Nancy,3-1,0-0,Sat,5
?,2000-02-05,Troyes,Sedan,0-2,0-0,Sat,5
?,2000-02-06,Lyon,Monaco,2-1,2-1,Sun,5
?,2000-02-06,Metz,Marseille,2-0,1-0,Sun,5
?,2000-02-15,Marseille,Paris SG,4-1,1-1,Tue,7
?,2000-02-15,Nantes,Lyon,6-1,4-1,Tue,7
?,2000-02-16,Auxerre,Strasbourg,0-1,0-1,Wed,7
?,2000-02-16,Le Havre,Troyes,2-0,1-0,Wed,7
?,2000-02-16,Lens,Bastia,4-0,2-0,Wed,7
?,2000-02-16,Monaco,Bordeaux,1-0,0-0,Wed,7
?,2000-02-16,Nancy,Metz,0-0,0-0,Wed,7
?,2000-02-16,Sedan,Rennes,2-1,1-0,Wed,7
?,2000-02-16,St Etienne,Montpellier,5-4,4-2,Wed,7
?,2000-02-26,Bastia,Auxerre,2-0,0-0,Sat,8
?,2000-02-26,Bordeaux,Nantes,3-0,0-0,Sat,8
?,2000-02-26,Lyon,Marseille,2-0,1-0,Sat,8
?,2000-02-26,Metz,Sedan,1-1,1-0,Sat,8
?,2000-02-26,Montpellier,Lens,1-1,0-0,Sat,8
?,2000-02-26,Paris SG,Nancy,1-1,0-0,Sat,8
?,2000-02-26,Rennes,Le Havre,2-1,0-1,Sat,8
?,2000-02-26,Troyes,St Etienne,0-1,0-1,Sat,8
?,2000-02-27,Strasbourg,Monaco,3-2,2-2,Sun,8
?,2000-03-11,Bastia,Montpellier,1-0,0-0,Sat,10
?,2000-03-11,Le Havre,Metz,1-0,1-0,Sat,10
?,2000-03-11,Marseille,Bordeaux,0-2,0-1,Sat,10
?,2000-03-11,Nantes,Strasbourg,3-1,2-0,Sat,10
?,2000-03-11,Sedan,Paris SG,1-1,1-0,Sat,10
?,2000-03-11,St Etienne,Rennes,1-0,0-0,Sat,10
?,2000-03-12,Auxerre,Monaco,0-2,0-0,Sun,10
?,2000-03-12,Lens,Troyes,0-1,0-0,Sun,10
?,2000-03-12,Nancy,Lyon,1-0,0-0,Sun,10
?,2000-03-25,Bordeaux,Nancy,2-1,0-0,Sat,12
?,2000-03-25,Metz,St Etienne,1-1,0-1,Sat,12
?,2000-03-25,Montpellier,Auxerre,2-0,1-0,Sat,12
?,2000-03-25,Paris SG,Le Havre,2-1,1-1,Sat,12
?,2000-03-25,Strasbourg,Marseille,3-1,0-0,Sat,12
?,2000-03-25,Troyes,Bastia,1-0,1-0,Sat,12
?,2000-03-26,Lyon,Sedan,2-0,0-0,Sun,12
?,2000-03-26,Monaco,Nantes,2-0,2-0,Sun,12
?,2000-03-26,Rennes,Lens,3-0,1-0,Sun,12
?,2000-04-07,Marseille,Monaco,4-2,1-0,Fri,14
?,2000-04-07,Sedan,Bordeaux,0-1,0-0,Fri,14
?,2000-04-08,Auxerre,Nantes,1-1,1-0,Sat,14
?,2000-04-08,Bastia,Rennes,4-2,1-1,Sat,14
?,2000-04-08,Le Havre,Lyon,0-1,0-1,Sat,14
?,2000-04-08,Montpellier,Troyes,2-2,2-0,Sat,14
?,2000-04-08,Nancy,Strasbourg,2-3,0-0,Sat,14
?,2000-04-08,St Etienne,Paris SG,1-1,1-1,Sat,14
?,2000-04-09,Lens,Metz,1-0,1-0,Sun,14
?,2000-04-14,Lyon,St Etienne,0-0,0-0,Fri,15
?,2000-04-14,Paris SG,Lens,4-1,2-1,Fri,15
?,2000-04-15,Bordeaux,Le Havre,3-0,1-0,Sat,15
?,2000-04-15,Metz,Bastia,1-1,0-0,Sat,15
?,2000-04-15,Monaco,Nancy,2-2,1-2,Sat,15
?,2000-04-15,Nantes,Marseille,0-0,0-0,Sat,15
?,2000-04-15,Rennes,Montpellier,1-3,1-1,Sat,15
?,2000-04-15,Strasbourg,Sedan,1-1,0-0,Sat,15
?,2000-04-15,Troyes,Auxerre,2-0,0-0,Sat,15
?,2000-04-29,Le Havre,Strasbourg,0-1,0-0,Sat,17
?,2000-04-29,Lens,Lyon,4-3,2-2,Sat,17
?,2000-04-29,Montpellier,Metz,0-1,0-1,Sat,17
?,2000-04-29,Nancy,Nantes,2-1,1-0,Sat,17
?,2000-04-29,Sedan,Monaco,2-1,1-0,Sat,17
?,2000-04-29,St Etienne,Bordeaux,1-2,0-0,Sat,17
?,2000-04-29,Troyes,Rennes,1-0,1-0,Sat,17
?,2000-04-30,Auxerre,Marseille,2-2,1-1,Sun,17
?,2000-04-30,Bastia,Paris SG,1-2,0-0,Sun,17
?,2000-05-04,Auxerre,Rennes,4-0,1-0,Thu,18
?,2000-05-04,Bordeaux,Lens,1-2,0-2,Thu,18
?,2000-05-04,Lyon,Bastia,2-1,0-1,Thu,18
?,2000-05-04,Marseille,Nancy,2-2,1-0,Thu,18
?,2000-05-04,Metz,Troyes,3-1,2-0,Thu,18
?,2000-05-04,Monaco,Le Havre,5-2,1-0,Thu,18
?,2000-05-04,Nantes,Sedan,1-0,0-0,Thu,18
?,2000-05-04,Paris SG,Montpellier,3-0,1-0,Thu,18
?,2000-05-04,Strasbourg,St Etienne,0-1,0-1,Thu,18
?,2000-05-13,Bastia,Bordeaux,1-1,0-0,Sat,19
?,2000-05-13,Le Havre,Nantes,0-1,0-1,Sat,19
?,2000-05-13,Lens,Strasbourg,3-0,0-0,Sat,19
?,2000-05-13,Montpellier,Lyon,2-2,1-2,Sat,19
?,2000-05-13,Nancy,Auxerre,2-0,0-0,Sat,19
?,2000-05-13,Rennes,Metz,2-0,0-0,Sat,19
?,2000-05-13,Sedan,Marseille,2-2,1-1,Sat,19
?,2000-05-13,St Etienne,Monaco,3-1,3-1,Sat,19
?,2000-05-13,Troyes,Paris SG,2-2,2-2,Sat,19
